geoid,county_name,in_brightline_corridor,in_comparison_pool,treated_brightline,donor_pool,dist_to_nearest_station_mile,nearest_station,nearest_opened_year,exposure_0_0_5,exposure_0_5_1,exposure_1_2,exposure_2_3
12031013200,Duval,False,True,0,1,126.71071705670182,Orlando,2023.0,0.0,0.0,0.0,0.0
12031011600,Duval,False,True,0,1,137.23783088699352,Orlando,2023.0,0.0,0.0,0.0,0.0
12031012000,Duval,False,True,0,1,133.67311090039183,Orlando,2023.0,0.0,0.0,0.0,0.0
12031014500,Duval,False,True,0,1,131.35459765563152,Orlando,2023.0,0.0,0.0,0.0,0.0
12073000400,Leon,False,True,0,1,226.8086963640452,Orlando,2023.0,0.0,0.0,0.0,0.0
12073001500,Leon,False,True,0,1,229.36940018674798,Orlando,2023.0,0.0,0.0,0.0,0.0
12001000400,Alachua,False,True,0,1,106.21596552382888,Orlando,2023.0,0.0,0.0,0.0,0.0
12071050205,Lee,False,True,0,1,107.33026311250325,Fort Lauderdale,2018.0,0.0,0.0,0.0,0.0
12071010203,Lee,False,True,0,1,116.23503334419608,West Palm Beach,2018.0,0.0,0.0,0.0,0.0
12071010303,Lee,False,True,0,1,116.55028014469747,Boca Raton,2022.0,0.0,0.0,0.0,0.0
12071080300,Lee,False,True,0,1,111.95259107817584,West Palm Beach,2018.0,0.0,0.0,0.0,0.0
12071040301,Lee,False,True,0,1,101.00125607064189,Boca Raton,2022.0,0.0,0.0,0.0,0.0
12071020501,Lee,False,True,0,1,112.45416919770672,West Palm Beach,2018.0,0.0,0.0,0.0,0.0
12095014601,Orange,True,False,0,0,11.947710397512372,Orlando,2023.0,0.0,0.0,0.0,0.0
12095017807,Orange,True,False,0,0,21.120596813224672,Orlando,2023.0,0.0,0.0,0.0,0.0
12095014702,Orange,True,False,0,0,12.825130000840161,Orlando,2023.0,0.0,0.0,0.0,0.0
12095014400,Orange,True,False,0,0,7.9808263061946345,Orlando,2023.0,0.0,0.0,0.0,0.0
12095016302,Orange,True,False,0,0,13.397101239081971,Orlando,2023.0,0.0,0.0,0.0,0.0
12095012305,Orange,True,False,0,0,16.12156844777954,Orlando,2023.0,0.0,0.0,0.0,0.0
12095013802,Orange,True,False,0,0,6.902500901537524,Orlando,2023.0,0.0,0.0,0.0,0.0
12095016717,Orange,True,False,0,0,8.615339829195607,Orlando,2023.0,0.0,0.0,0.0,0.0
12021010420,Collier,False,True,0,1,97.0774776323341,Fort Lauderdale,2018.0,0.0,0.0,0.0,0.0
12011050100,Broward,True,False,0,0,5.451123418188635,Fort Lauderdale,2018.0,0.0,0.0,0.0,0.0
12011060111,Broward,True,False,0,0,10.041904846380419,Fort Lauderdale,2018.0,0.0,0.0,0.0,0.0
12011040802,Broward,True,False,0,0,1.710203762747258,Fort Lauderdale,2018.0,0.0,0.0,0.8955200884359088,0.10447991156408469
12011091100,Broward,True,False,0,0,5.44451947392828,Aventura,2022.0,0.0,0.0,0.0,0.0
12011060109,Broward,True,False,0,0,6.581295754092617,Fort Lauderdale,2018.0,0.0,0.0,0.0,0.0
12011060302,Broward,True,False,0,0,5.451253687493709,Fort Lauderdale,2018.0,0.0,0.0,0.0,0.0
12011110319,Broward,True,False,0,0,7.91156556671874,Aventura,2022.0,0.0,0.0,0.0,0.0
12011020311,Broward,True,False,0,0,11.739600536943007,Boca Raton,2022.0,0.0,0.0,0.0,0.0
12011091202,Broward,True,False,0,0,5.9749159709884525,Aventura,2022.0,0.0,0.0,0.0,0.0
12011020405,Broward,True,False,0,0,6.937859037717385,Fort Lauderdale,2018.0,0.0,0.0,0.0,0.0
12011010102,Broward,True,False,0,0,3.826277081752614,Boca Raton,2022.0,0.0,0.0,0.0,0.0
12057002200,Hillsborough,False,True,0,1,75.71848375796495,Orlando,2023.0,0.0,0.0,0.0,0.0
12057003300,Hillsborough,False,True,0,1,75.32816408997242,Orlando,2023.0,0.0,0.0,0.0,0.0
12057006200,Hillsborough,False,True,0,1,80.26115880483312,Orlando,2023.0,0.0,0.0,0.0,0.0
12057011103,Hillsborough,False,True,0,1,73.16615083093478,Orlando,2023.0,0.0,0.0,0.0,0.0
12057011414,Hillsborough,False,True,0,1,80.0570876559838,Orlando,2023.0,0.0,0.0,0.0,0.0
12057001400,Hillsborough,False,True,0,1,76.50500520068766,Orlando,2023.0,0.0,0.0,0.0,0.0
12057012301,Hillsborough,False,True,0,1,68.25100123891087,Orlando,2023.0,0.0,0.0,0.0,0.0
12057013305,Hillsborough,False,True,0,1,67.64209421614285,Orlando,2023.0,0.0,0.0,0.0,0.0
12057013206,Hillsborough,False,True,0,1,66.58917354516026,Orlando,2023.0,0.0,0.0,0.0,0.0
12086002900,Other,False,False,0,0,1.7671751848098927,MiamiCentral,2018.0,0.0,0.0,0.7971663888250257,0.20283361117497442
12086009020,Other,False,False,0,0,10.943094381423707,MiamiCentral,2018.0,0.0,0.0,0.0,0.0
12086016100,Other,False,False,0,0,14.97542242734637,MiamiCentral,2018.0,0.0,0.0,0.0,0.0
12086013000,Other,False,False,0,0,11.46601030815961,MiamiCentral,2018.0,0.0,0.0,0.0,0.0
12086002404,Other,False,False,0,0,2.750573882329643,MiamiCentral,2018.0,0.0,0.0,0.0,0.9054251567682516
12086005410,Other,False,False,0,0,2.1129376327168305,MiamiCentral,2018.0,0.0,0.0,0.251176944932083,0.7488230550679285
12086002800,Other,False,False,0,0,1.3899240252565552,MiamiCentral,2018.0,0.0,0.0,0.9999999999999999,0.0
12086019100,Other,False,False,0,0,14.216326428733206,MiamiCentral,2018.0,0.0,0.0,0.0,0.0
12086009906,Other,False,False,0,0,4.068494313670543,Aventura,2022.0,0.0,0.0,0.0,0.0
12086007601,Other,False,False,0,0,6.950805706232605,MiamiCentral,2018.0,0.0,0.0,0.0,0.0
12086004204,Other,False,False,0,0,3.616040776256342,MiamiCentral,2018.0,0.0,0.0,0.0,0.0
12086003912,Other,False,False,0,0,6.363192091322956,Aventura,2022.0,0.0,0.0,0.0,0.0
12086001005,Other,False,False,0,0,5.553540789526715,MiamiCentral,2018.0,0.0,0.0,0.0,0.0
12086000307,Other,False,False,0,0,5.703506077785774,Aventura,2022.0,0.0,0.0,0.0,0.0
12115001804,Sarasota,False,True,0,1,107.49773034894902,Orlando,2023.0,0.0,0.0,0.0,0.0
12115002605,Sarasota,False,True,0,1,118.95244319513922,Orlando,2023.0,0.0,0.0,0.0,0.0
12115001702,Sarasota,False,True,0,1,106.22970046465066,Orlando,2023.0,0.0,0.0,0.0,0.0
12073000903,Leon,False,True,0,1,225.74882902116823,Orlando,2023.0,0.0,0.0,0.0,0.0
12073002509,Leon,False,True,0,1,223.83111699965247,Orlando,2023.0,0.0,0.0,0.0,0.0
12086006705,Other,False,False,0,0,1.7014277626703669,MiamiCentral,2018.0,0.0,0.0,1.0,0.0
12086003703,Other,False,False,0,0,0.6621882676527544,MiamiCentral,2018.0,0.025186592487288297,0.9748134075127591,0.0,0.0
12086000127,Other,False,False,0,0,1.7760083869775294,Aventura,2022.0,0.0,0.0,0.9659930013408781,0.03400699865911271
12086010609,Other,False,False,0,0,17.761562059335667,MiamiCentral,2018.0,0.0,0.0,0.0,0.0
12086000140,Other,False,False,0,0,2.3212151258287284,Aventura,2022.0,0.0,0.0,0.0,0.9999999999999998
12086009806,Other,False,False,0,0,2.4020567926453253,Aventura,2022.0,0.0,0.0,0.0,1.0
12086013100,Other,False,False,0,0,12.247713661718798,MiamiCentral,2018.0,0.0,0.0,0.0,0.0
12086004301,Other,False,False,0,0,3.328958283919672,MiamiCentral,2018.0,0.0,0.0,0.0,0.0
12086006201,Other,False,False,0,0,4.463289408871913,MiamiCentral,2018.0,0.0,0.0,0.0,0.0
12086008419,Other,False,False,0,0,11.964951576355995,MiamiCentral,2018.0,0.0,0.0,0.0,0.0
12086014300,Other,False,False,0,0,13.013612358169324,MiamiCentral,2018.0,0.0,0.0,0.0,0.0
12086018300,Other,False,False,0,0,17.07450831499147,MiamiCentral,2018.0,0.0,0.0,0.0,0.0
12086003909,Other,False,False,0,0,6.619666963934481,Aventura,2022.0,0.0,0.0,0.0,0.0
12071010104,Lee,False,True,0,1,122.46348008997319,Orlando,2023.0,0.0,0.0,0.0,0.0
12071040310,Lee,False,True,0,1,97.05079179444799,Boca Raton,2022.0,0.0,0.0,0.0,0.0
12095013702,Orange,True,False,0,0,7.8838263867462,Orlando,2023.0,0.0,0.0,0.0,0.0
12095013406,Orange,True,False,0,0,8.009523694565182,Orlando,2023.0,0.0,0.0,0.0,0.0
12095017013,Orange,True,False,0,0,6.70037627080245,Orlando,2023.0,0.0,0.0,0.0,0.0
12031002501,Duval,False,True,0,1,133.57048950436155,Orlando,2023.0,0.0,0.0,0.0,0.0
12031014204,Duval,False,True,0,1,128.48179511421523,Orlando,2023.0,0.0,0.0,0.0,0.0
12031015502,Duval,False,True,0,1,132.7115459701223,Orlando,2023.0,0.0,0.0,0.0,0.0
12031016728,Duval,False,True,0,1,123.15039364087671,Orlando,2023.0,0.0,0.0,0.0,0.0
12057001001,Hillsborough,False,True,0,1,73.56638188823527,Orlando,2023.0,0.0,0.0,0.0,0.0
12057990000,Hillsborough,False,True,0,1,78.51552506788335,Orlando,2023.0,0.0,0.0,0.0,0.0
12057010502,Hillsborough,False,True,0,1,71.90434102007643,Orlando,2023.0,0.0,0.0,0.0,0.0
12057011520,Hillsborough,False,True,0,1,83.2745625359044,Orlando,2023.0,0.0,0.0,0.0,0.0
12057014014,Hillsborough,False,True,0,1,80.52511378300917,Orlando,2023.0,0.0,0.0,0.0,0.0
12057012504,Hillsborough,False,True,0,1,59.964501762508235,Orlando,2023.0,0.0,0.0,0.0,0.0
12057011510,Hillsborough,False,True,0,1,74.37893360435866,Orlando,2023.0,0.0,0.0,0.0,0.0
12057013804,Hillsborough,False,True,0,1,76.26567554013596,Orlando,2023.0,0.0,0.0,0.0,0.0
12011070318,Broward,True,False,0,0,15.946152599534933,Fort Lauderdale,2018.0,0.0,0.0,0.0,0.0
12011091901,Broward,True,False,0,0,3.1805264720440816,Aventura,2022.0,0.0,0.0,0.0,0.30965339150031995
12011010901,Broward,True,False,0,0,5.063714958508246,Boca Raton,2022.0,0.0,0.0,0.0,0.0
12011020325,Broward,True,False,0,0,12.373997237698996,Boca Raton,2022.0,0.0,0.0,0.0,0.0
12011060125,Broward,True,False,0,0,7.248799464474892,Fort Lauderdale,2018.0,0.0,0.0,0.0,0.0
12011090801,Broward,True,False,0,0,5.871565017989453,Aventura,2022.0,0.0,0.0,0.0,0.0
12011043302,Broward,True,False,0,0,2.2104148801995933,Fort Lauderdale,2018.0,0.0,0.0,0.30274823332804535,0.6891777601817174
12011060123,Broward,True,False,0,0,6.891261763640769,Fort Lauderdale,2018.0,0.0,0.0,0.0,0.0
12011020415,Broward,True,False,0,0,10.277695967484528,Fort Lauderdale,2018.0,0.0,0.0,0.0,0.0
12011040204,Broward,True,False,0,0,6.033340337183376,Fort Lauderdale,2018.0,0.0,0.0,0.0,0.0
12011041000,Broward,True,False,0,0,2.453756777139988,Fort Lauderdale,2018.0,0.0,0.0,0.0974011866587295,0.8675870863894558
12099000803,Palm Beach,True,False,0,0,8.862458355007204,West Palm Beach,2018.0,0.0,0.0,0.0,0.0
12099001910,Palm Beach,True,False,0,0,4.207512450239722,West Palm Beach,2018.0,0.0,0.0,0.0,0.0
12099003101,Palm Beach,True,False,0,0,5.203718332328599,West Palm Beach,2018.0,0.0,0.0,0.0,0.0
12099004203,Palm Beach,True,False,0,0,5.305007062928563,West Palm Beach,2018.0,0.0,0.0,0.0,0.0
12099005602,Palm Beach,True,False,0,0,10.190567425129645,West Palm Beach,2018.0,0.0,0.0,0.0,0.0
12099007730,Palm Beach,True,False,0,0,8.664545873762835,Boca Raton,2022.0,0.0,0.0,0.0,0.0
12099007743,Palm Beach,True,False,0,0,7.281314215232925,Boca Raton,2022.0,0.0,0.0,0.0,0.0
12099007834,Palm Beach,True,False,0,0,12.320783146775533,West Palm Beach,2018.0,0.0,0.0,0.0,0.0
12099005815,Palm Beach,True,False,0,0,9.702376042667089,West Palm Beach,2018.0,0.0,0.0,0.0,0.0
12099005939,Palm Beach,True,False,0,0,7.680529089496365,Boca Raton,2022.0,0.0,0.0,0.0,0.0
12099000211,Palm Beach,True,False,0,0,17.501791650860945,West Palm Beach,2018.0,0.0,0.0,0.0,0.0
12099001909,Palm Beach,True,False,0,0,3.677542863892618,West Palm Beach,2018.0,0.0,0.0,0.0,0.0
12099004818,Palm Beach,True,False,0,0,8.836254396385469,West Palm Beach,2018.0,0.0,0.0,0.0,0.0
12099006005,Palm Beach,True,False,0,0,10.629176889255024,Boca Raton,2022.0,0.0,0.0,0.0,0.0
12099007604,Palm Beach,True,False,0,0,1.5051624106724266,Boca Raton,2022.0,0.0,0.08507900327120443,0.776290664710038,0.13863033201875677
12021010110,Collier,False,True,0,1,103.59861874260378,Fort Lauderdale,2018.0,0.0,0.0,0.0,0.0
12021010109,Collier,False,True,0,1,103.4978820373934,Fort Lauderdale,2018.0,0.0,0.0,0.0,0.0
12099000213,Palm Beach,True,False,0,0,15.539077967618944,West Palm Beach,2018.0,0.0,0.0,0.0,0.0
12099000405,Palm Beach,True,False,0,0,13.291213535046186,West Palm Beach,2018.0,0.0,0.0,0.0,0.0
12001110800,Alachua,False,True,0,1,103.85935938600674,Orlando,2023.0,0.0,0.0,0.0,0.0
12001002218,Alachua,False,True,0,1,107.98817956690581,Orlando,2023.0,0.0,0.0,0.0,0.0
12031015927,Duval,False,True,0,1,129.4996770300536,Orlando,2023.0,0.0,0.0,0.0,0.0
12031016102,Duval,False,True,0,1,130.28662357769744,Orlando,2023.0,0.0,0.0,0.0,0.0
12031014420,Duval,False,True,0,1,128.10918551529048,Orlando,2023.0,0.0,0.0,0.0,0.0
12031013524,Duval,False,True,0,1,126.01241992284906,Orlando,2023.0,0.0,0.0,0.0,0.0
12031013526,Duval,False,True,0,1,126.89112411126739,Orlando,2023.0,0.0,0.0,0.0,0.0
12031010204,Duval,False,True,0,1,143.6754157268024,Orlando,2023.0,0.0,0.0,0.0,0.0
12031016730,Duval,False,True,0,1,124.39008429921165,Orlando,2023.0,0.0,0.0,0.0,0.0
12031015803,Duval,False,True,0,1,131.6715598043524,Orlando,2023.0,0.0,0.0,0.0,0.0
12021011110,Collier,False,True,0,1,94.73947742961748,MiamiCentral,2018.0,0.0,0.0,0.0,0.0
12021011207,Collier,False,True,0,1,98.76087042579414,Fort Lauderdale,2018.0,0.0,0.0,0.0,0.0
12021011210,Collier,False,True,0,1,94.39982745140709,Fort Lauderdale,2018.0,0.0,0.0,0.0,0.0
12021010515,Collier,False,True,0,1,97.7225166432652,MiamiCentral,2018.0,0.0,0.0,0.0,0.0
12021010112,Collier,False,True,0,1,103.26744474916102,Fort Lauderdale,2018.0,0.0,0.0,0.0,0.0
12021011305,Collier,False,True,0,1,83.12679675313659,Fort Lauderdale,2018.0,0.0,0.0,0.0,0.0
12057011616,Hillsborough,False,True,0,1,83.12927963061756,Orlando,2023.0,0.0,0.0,0.0,0.0
12057011910,Hillsborough,False,True,0,1,77.15675335545608,Orlando,2023.0,0.0,0.0,0.0,0.0
12057011716,Hillsborough,False,True,0,1,81.25645967356546,Orlando,2023.0,0.0,0.0,0.0,0.0
12057010216,Hillsborough,False,True,0,1,64.94409567981212,Orlando,2023.0,0.0,0.0,0.0,0.0
12057013924,Hillsborough,False,True,0,1,73.51644469207734,Orlando,2023.0,0.0,0.0,0.0,0.0
12001001522,Alachua,False,True,0,1,106.33025759084886,Orlando,2023.0,0.0,0.0,0.0,0.0
12011110344,Broward,True,False,0,0,10.872461238594791,Aventura,2022.0,0.0,0.0,0.0,0.0
12011090304,Broward,True,False,0,0,4.706816891943623,Aventura,2022.0,0.0,0.0,0.0,0.0
12011100302,Broward,True,False,0,0,1.4886230153125415,Aventura,2022.0,0.0,0.0,1.0,0.0
12011110346,Broward,True,False,0,0,9.860067645736711,Aventura,2022.0,0.0,0.0,0.0,0.0
12011110365,Broward,True,False,0,0,9.98231926928698,Aventura,2022.0,0.0,0.0,0.0,0.0
12011091904,Broward,True,False,0,0,2.8807574041859176,Aventura,2022.0,0.0,0.0,0.0,0.7264865963336365
12073000906,Leon,False,True,0,1,226.6448899088759,Orlando,2023.0,0.0,0.0,0.0,0.0
12073002420,Leon,False,True,0,1,227.27916759863547,Orlando,2023.0,0.0,0.0,0.0,0.0
12086003006,Other,False,False,0,0,2.090442329485705,MiamiCentral,2018.0,0.0,0.0,0.30022135064272126,0.6997786493572743
12086012302,Other,False,False,0,0,11.313442744579335,Aventura,2022.0,0.0,0.0,0.0,0.0
12086009058,Other,False,False,0,0,10.412367058935548,MiamiCentral,2018.0,0.0,0.0,0.0,0.0
12086008911,Other,False,False,0,0,8.455563047140409,MiamiCentral,2018.0,0.0,0.0,0.0,0.0
12086008910,Other,False,False,0,0,8.384714046305518,MiamiCentral,2018.0,0.0,0.0,0.0,0.0
12086009321,Other,False,False,0,0,9.708837343518635,MiamiCentral,2018.0,0.0,0.0,0.0,0.0
12086009049,Other,False,False,0,0,12.138169262019927,MiamiCentral,2018.0,0.0,0.0,0.0,0.0
12086005004,Other,False,False,0,0,3.2558241608791048,MiamiCentral,2018.0,0.0,0.0,0.0,0.22763498499036286
12086005707,Other,False,False,0,0,5.581776395199714,MiamiCentral,2018.0,0.0,0.0,0.0,0.0
12086010806,Other,False,False,0,0,23.31444451352709,MiamiCentral,2018.0,0.0,0.0,0.0,0.0
12086010621,Other,False,False,0,0,19.42071914400856,MiamiCentral,2018.0,0.0,0.0,0.0,0.0
12086008314,Other,False,False,0,0,15.638829833639512,MiamiCentral,2018.0,0.0,0.0,0.0,0.0
12086008603,Other,False,False,0,0,12.049674210591558,MiamiCentral,2018.0,0.0,0.0,0.0,0.0
12086009327,Other,False,False,0,0,9.480999619331039,MiamiCentral,2018.0,0.0,0.0,0.0,0.0
12086008311,Other,False,False,0,0,15.022405087157138,MiamiCentral,2018.0,0.0,0.0,0.0,0.0
12086010619,Other,False,False,0,0,16.71999949949283,MiamiCentral,2018.0,0.0,0.0,0.0,0.0
12086001207,Other,False,False,0,0,5.591494799837362,Aventura,2022.0,0.0,0.0,0.0,0.0
12086006604,Other,False,False,0,0,1.134142535466814,MiamiCentral,2018.0,0.0,0.11881667304281447,0.8811833269573152,0.0
12086009506,Other,False,False,0,0,4.244173617433232,Aventura,2022.0,0.0,0.0,0.0,0.0
12086006716,Other,False,False,0,0,1.3579825258117273,MiamiCentral,2018.0,0.0,0.0,1.0,0.0
12086000904,Other,False,False,0,0,6.072803472611484,MiamiCentral,2018.0,0.0,0.0,0.0,0.0
12086000907,Other,False,False,0,0,6.887380480213169,MiamiCentral,2018.0,0.0,0.0,0.0,0.0
12086010021,Other,False,False,0,0,7.4923601687790935,Aventura,2022.0,0.0,0.0,0.0,0.0
12086010025,Other,False,False,0,0,6.640348636196943,Aventura,2022.0,0.0,0.0,0.0,0.0
12086009324,Other,False,False,0,0,10.41184229081661,MiamiCentral,2018.0,0.0,0.0,0.0,0.0
12086012103,Other,False,False,0,0,10.748895170636349,Aventura,2022.0,0.0,0.0,0.0,0.0
12086008808,Other,False,False,0,0,10.647293290091568,MiamiCentral,2018.0,0.0,0.0,0.0,0.0
12086009318,Other,False,False,0,0,10.82396926844701,Aventura,2022.0,0.0,0.0,0.0,0.0
12071010112,Lee,False,True,0,1,115.68924362917342,West Palm Beach,2018.0,0.0,0.0,0.0,0.0
12071050317,Lee,False,True,0,1,103.85524352267134,Fort Lauderdale,2018.0,0.0,0.0,0.0,0.0
12071010107,Lee,False,True,0,1,120.42385716063217,West Palm Beach,2018.0,0.0,0.0,0.0,0.0
12071040128,Lee,False,True,0,1,105.5723007787726,Boca Raton,2022.0,0.0,0.0,0.0,0.0
12071001001,Lee,False,True,0,1,112.1875786137222,Boca Raton,2022.0,0.0,0.0,0.0,0.0
12071001710,Lee,False,True,0,1,112.41555625601738,Fort Lauderdale,2018.0,0.0,0.0,0.0,0.0
12071001919,Lee,False,True,0,1,112.85197233058535,Fort Lauderdale,2018.0,0.0,0.0,0.0,0.0
12115000104,Sarasota,False,True,0,1,106.18221387835801,Orlando,2023.0,0.0,0.0,0.0,0.0
12115001510,Sarasota,False,True,0,1,104.55234571704031,Orlando,2023.0,0.0,0.0,0.0,0.0
12115002011,Sarasota,False,True,0,1,109.12605652503261,Orlando,2023.0,0.0,0.0,0.0,0.0
12115002748,Sarasota,False,True,0,1,104.52025444784748,Orlando,2023.0,0.0,0.0,0.0,0.0
12095016811,Orange,True,False,0,0,3.983064508629086,Orlando,2023.0,0.0,0.0,0.0,0.0014470196112645363
12095016741,Orange,True,False,0,0,11.733701092911389,Orlando,2023.0,0.0,0.0,0.0,0.0
12095018203,Orange,True,False,0,0,10.820312814986805,Orlando,2023.0,0.0,0.0,0.0,0.0
12099005413,Palm Beach,True,False,0,0,7.467725106794486,West Palm Beach,2018.0,0.0,0.0,0.0,0.0
12099001918,Palm Beach,True,False,0,0,3.1916024090079245,West Palm Beach,2018.0,0.0,0.0,0.0,0.2306340848365752
12099004822,Palm Beach,True,False,0,0,9.527876818995482,West Palm Beach,2018.0,0.0,0.0,0.0,0.0
12099002702,Palm Beach,True,False,0,0,1.0021057214687212,West Palm Beach,2018.0,0.012184764681521994,0.47038000144368736,0.5174352338748016,0.0
12099007746,Palm Beach,True,False,0,0,6.225060501100139,Boca Raton,2022.0,0.0,0.0,0.0,0.0
12099007851,Palm Beach,True,False,0,0,14.279205514158251,West Palm Beach,2018.0,0.0,0.0,0.0,0.0
12095017811,Orange,True,False,0,0,25.627224738045296,Orlando,2023.0,0.0,0.0,0.0,0.0
12095016742,Orange,True,False,0,0,12.221004936160073,Orlando,2023.0,0.0,0.0,0.0,0.0
12086002709,Other,False,False,0,0,1.190712176716295,MiamiCentral,2018.0,0.0,0.020100428673299198,0.9798995713266968,0.0
12099007780,Palm Beach,True,False,0,0,14.205808028590985,West Palm Beach,2018.0,0.0,0.0,0.0,0.0
12031014101,Duval,False,True,0,1,130.2772655730544,Orlando,2023.0,0.0,0.0,0.0,0.0
12031013902,Duval,False,True,0,1,132.62666407738004,Orlando,2023.0,0.0,0.0,0.0,0.0
12031002701,Duval,False,True,0,1,135.5647416719115,Orlando,2023.0,0.0,0.0,0.0,0.0
12031002902,Duval,False,True,0,1,135.43646625337385,Orlando,2023.0,0.0,0.0,0.0,0.0
12031010800,Duval,False,True,0,1,140.12226493842527,Orlando,2023.0,0.0,0.0,0.0,0.0
12031011400,Duval,False,True,0,1,137.97627111338517,Orlando,2023.0,0.0,0.0,0.0,0.0
12031012400,Duval,False,True,0,1,131.04798378829258,Orlando,2023.0,0.0,0.0,0.0,0.0
12031016804,Duval,False,True,0,1,121.99025079433751,Orlando,2023.0,0.0,0.0,0.0,0.0
12031014800,Duval,False,True,0,1,135.57195804291166,Orlando,2023.0,0.0,0.0,0.0,0.0
12031015922,Duval,False,True,0,1,124.71191583579245,Orlando,2023.0,0.0,0.0,0.0,0.0
12073000302,Leon,False,True,0,1,225.1949272733131,Orlando,2023.0,0.0,0.0,0.0,0.0
12073000700,Leon,False,True,0,1,228.01720418429423,Orlando,2023.0,0.0,0.0,0.0,0.0
12073002103,Leon,False,True,0,1,229.64358983815671,Orlando,2023.0,0.0,0.0,0.0,0.0
12073000303,Leon,False,True,0,1,224.4514186555404,Orlando,2023.0,0.0,0.0,0.0,0.0
12001001701,Alachua,False,True,0,1,110.227863103102,Orlando,2023.0,0.0,0.0,0.0,0.0
12001001000,Alachua,False,True,0,1,106.85228343681382,Orlando,2023.0,0.0,0.0,0.0,0.0
12001002207,Alachua,False,True,0,1,108.85163981923523,Orlando,2023.0,0.0,0.0,0.0,0.0
12021011204,Collier,False,True,0,1,82.61775779729744,Fort Lauderdale,2018.0,0.0,0.0,0.0,0.0
12021010601,Collier,False,True,0,1,100.9929715275332,Fort Lauderdale,2018.0,0.0,0.0,0.0,0.0
12021010416,Collier,False,True,0,1,97.37346193962996,Fort Lauderdale,2018.0,0.0,0.0,0.0,0.0
12011042900,Broward,True,False,0,0,3.0495079672123455,Fort Lauderdale,2018.0,0.0,0.0,0.0,0.4321977598530942
12011060501,Broward,True,False,0,0,6.3318351612782875,Fort Lauderdale,2018.0,0.0,0.0,0.0,0.0
12011020312,Broward,True,False,0,0,13.256253511188596,Fort Lauderdale,2018.0,0.0,0.0,0.0,0.0
12011020314,Broward,True,False,0,0,11.990408337052909,Fort Lauderdale,2018.0,0.0,0.0,0.0,0.0
12011060118,Broward,True,False,0,0,10.455014083119442,Fort Lauderdale,2018.0,0.0,0.0,0.0,0.0
12011041300,Broward,True,False,0,0,2.8583353800780893,Fort Lauderdale,2018.0,0.0,0.0,0.0023797945007060345,0.5721928073705363
12011080500,Broward,True,False,0,0,5.492409442443739,Fort Lauderdale,2018.0,0.0,0.0,0.0,0.0
12011070405,Broward,True,False,0,0,11.146866491308318,Aventura,2022.0,0.0,0.0,0.0,0.0
12011060122,Broward,True,False,0,0,10.89262425587445,Fort Lauderdale,2018.0,0.0,0.0,0.0,0.0
12011110313,Broward,True,False,0,0,7.123416809799861,Aventura,2022.0,0.0,0.0,0.0,0.0
12011020406,Broward,True,False,0,0,9.069594818073577,Fort Lauderdale,2018.0,0.0,0.0,0.0,0.0
12011041500,Broward,True,False,1,0,0.9278618908885288,Fort Lauderdale,2018.0,0.010147201814984772,0.5385572918095933,0.45129550637542915,0.0
12011060304,Broward,True,False,0,0,4.89964065829345,Fort Lauderdale,2018.0,0.0,0.0,0.0,0.0
12011010701,Broward,True,False,0,0,5.063465790443844,Boca Raton,2022.0,0.0,0.0,0.0,0.0
12057001500,Hillsborough,False,True,0,1,75.89797893299924,Orlando,2023.0,0.0,0.0,0.0,0.0
12057002400,Hillsborough,False,True,0,1,76.89624062996175,Orlando,2023.0,0.0,0.0,0.0,0.0
12057003200,Hillsborough,False,True,0,1,75.78638256378974,Orlando,2023.0,0.0,0.0,0.0,0.0
12057006801,Hillsborough,False,True,0,1,81.1800097261296,Orlando,2023.0,0.0,0.0,0.0,0.0
12057006300,Hillsborough,False,True,0,1,80.93925350449322,Orlando,2023.0,0.0,0.0,0.0,0.0
12057014106,Hillsborough,False,True,0,1,79.37834274692487,Orlando,2023.0,0.0,0.0,0.0,0.0
12057013313,Hillsborough,False,True,0,1,68.61808894584122,Orlando,2023.0,0.0,0.0,0.0,0.0
12057013314,Hillsborough,False,True,0,1,68.92461489659269,Orlando,2023.0,0.0,0.0,0.0,0.0
12057011612,Hillsborough,False,True,0,1,81.70324383937727,Orlando,2023.0,0.0,0.0,0.0,0.0
12057011603,Hillsborough,False,True,0,1,80.43396794023387,Orlando,2023.0,0.0,0.0,0.0,0.0
12057011204,Hillsborough,False,True,0,1,74.11267394363557,Orlando,2023.0,0.0,0.0,0.0,0.0
12057011007,Hillsborough,False,True,0,1,72.33377266064933,Orlando,2023.0,0.0,0.0,0.0,0.0
12057000500,Hillsborough,False,True,0,1,75.4374738725185,Orlando,2023.0,0.0,0.0,0.0,0.0
12057001600,Hillsborough,False,True,0,1,75.33694907915424,Orlando,2023.0,0.0,0.0,0.0,0.0
12086001803,Other,False,False,0,0,3.6638360679289024,MiamiCentral,2018.0,0.0,0.0,0.0,0.0
12086005904,Other,False,False,0,0,6.501339164267907,MiamiCentral,2018.0,0.0,0.0,0.0,0.0
12086015800,Other,False,False,0,0,13.525265518785732,MiamiCentral,2018.0,0.0,0.0,0.0,0.0
12086017600,Other,False,False,0,0,16.195278508218106,MiamiCentral,2018.0,0.0,0.0,0.0,0.0
12086020300,Other,False,False,0,0,16.715677383046916,MiamiCentral,2018.0,0.0,0.0,0.0,0.0
12086000711,Other,False,False,0,0,7.843473962921917,MiamiCentral,2018.0,0.0,0.0,0.0,0.0
12086000607,Other,False,False,0,0,7.660377154079809,MiamiCentral,2018.0,0.0,0.0,0.0,0.0
12086010608,Other,False,False,0,0,16.87717921475128,MiamiCentral,2018.0,0.0,0.0,0.0,0.0
12086009043,Other,False,False,0,0,12.239172698884387,MiamiCentral,2018.0,0.0,0.0,0.0,0.0
12086490100,Other,False,False,0,0,4.000304853782141,MiamiCentral,2018.0,0.0,0.0,0.0,0.0
12086005201,Other,False,False,0,0,1.4564030646522172,MiamiCentral,2018.0,0.0,0.0,1.0,0.0
12086005406,Other,False,False,0,0,1.887939754469446,MiamiCentral,2018.0,0.0,0.0,0.8046031824053773,0.1953968175946162
12086006503,Other,False,False,0,0,2.582912660606561,MiamiCentral,2018.0,0.0,0.0,0.0,1.0
12086008702,Other,False,False,0,0,11.261268206829415,MiamiCentral,2018.0,0.0,0.0,0.0,0.0
12086008308,Other,False,False,0,0,16.239724842134564,MiamiCentral,2018.0,0.0,0.0,0.0,0.0
12086002001,Other,False,False,0,0,3.8558734799847056,MiamiCentral,2018.0,0.0,0.0,0.0,0.0
12086001501,Other,False,False,0,0,4.154540532509834,MiamiCentral,2018.0,0.0,0.0,0.0,0.0
12086003913,Other,False,False,0,0,7.015146807186801,Aventura,2022.0,0.0,0.0,0.0,0.0
12086002702,Other,False,False,0,0,1.274303331281158,MiamiCentral,2018.0,0.0,0.30669272069129117,0.6371604909317665,0.05614678837693886
12086002100,Other,False,False,0,0,3.177089856407582,MiamiCentral,2018.0,0.0,0.0,0.0,0.33545749139628095
12086001004,Other,False,False,0,0,4.69211081415329,MiamiCentral,2018.0,0.0,0.0,0.0,0.0
12086000504,Other,False,False,0,0,7.39985398707558,Aventura,2022.0,0.0,0.0,0.0,0.0
12086000306,Other,False,False,0,0,5.273925571628583,Aventura,2022.0,0.0,0.0,0.0,0.0
12095011300,Orange,True,False,0,0,8.464337466188592,Orlando,2023.0,0.0,0.0,0.0,0.0
12095015103,Orange,True,False,0,0,16.970104096871157,Orlando,2023.0,0.0,0.0,0.0,0.0
12095017600,Orange,True,False,0,0,21.24802854491247,Orlando,2023.0,0.0,0.0,0.0,0.0
12095011702,Orange,True,False,0,0,10.338731067922957,Orlando,2023.0,0.0,0.0,0.0,0.0
12095014502,Orange,True,False,0,0,8.290275438526056,Orlando,2023.0,0.0,0.0,0.0,0.0
12095016407,Orange,True,False,0,0,12.386914774888622,Orlando,2023.0,0.0,0.0,0.0,0.0
12095015602,Orange,True,False,0,0,15.418199791847352,Orlando,2023.0,0.0,0.0,0.0,0.0
12095013604,Orange,True,False,0,0,6.859407773484243,Orlando,2023.0,0.0,0.0,0.0,0.0
12095016509,Orange,True,False,0,0,14.004751192444072,Orlando,2023.0,0.0,0.0,0.0,0.0
12095013403,Orange,True,False,0,0,8.569170432913154,Orlando,2023.0,0.0,0.0,0.0,0.0
12095013503,Orange,True,False,0,0,7.449325181683879,Orlando,2023.0,0.0,0.0,0.0,0.0
12095016710,Orange,True,False,0,0,6.85966603074422,Orlando,2023.0,0.0,0.0,0.0,0.0
12071000402,Lee,False,True,0,1,107.16039923195335,West Palm Beach,2018.0,0.0,0.0,0.0,0.0
12071060102,Lee,False,True,0,1,113.52665356418443,Fort Lauderdale,2018.0,0.0,0.0,0.0,0.0
12071010702,Lee,False,True,0,1,114.6418904398729,Fort Lauderdale,2018.0,0.0,0.0,0.0,0.0
12071010305,Lee,False,True,0,1,114.78400063030472,Boca Raton,2022.0,0.0,0.0,0.0,0.0
12071000502,Lee,False,True,0,1,110.40680931982804,Boca Raton,2022.0,0.0,0.0,0.0,0.0
12071001401,Lee,False,True,0,1,111.85731258549211,Fort Lauderdale,2018.0,0.0,0.0,0.0,0.0
12071040210,Lee,False,True,0,1,97.1844279762555,West Palm Beach,2018.0,0.0,0.0,0.0,0.0
12071040314,Lee,False,True,0,1,93.68618823937601,Boca Raton,2022.0,0.0,0.0,0.0,0.0
12115001703,Sarasota,False,True,0,1,107.30277277762357,Orlando,2023.0,0.0,0.0,0.0,0.0
12115001402,Sarasota,False,True,0,1,103.61149238796884,Orlando,2023.0,0.0,0.0,0.0,0.0
12115001301,Sarasota,False,True,0,1,102.42735075348872,Orlando,2023.0,0.0,0.0,0.0,0.0
12115000502,Sarasota,False,True,0,1,105.56841390656562,Orlando,2023.0,0.0,0.0,0.0,0.0
12115002401,Sarasota,False,True,0,1,114.97170205419239,Orlando,2023.0,0.0,0.0,0.0,0.0
12115000900,Sarasota,False,True,0,1,105.71947618050756,Orlando,2023.0,0.0,0.0,0.0,0.0
12073002606,Leon,False,True,0,1,217.32913029890273,Orlando,2023.0,0.0,0.0,0.0,0.0
12071040111,Lee,False,True,0,1,106.60850871877578,Fort Lauderdale,2018.0,0.0,0.0,0.0,0.0
12071001402,Lee,False,True,0,1,112.51925090306293,Fort Lauderdale,2018.0,0.0,0.0,0.0,0.0
12071001910,Lee,False,True,0,1,114.77743769287169,Fort Lauderdale,2018.0,0.0,0.0,0.0,0.0
12071040109,Lee,False,True,0,1,102.88560927565773,Boca Raton,2022.0,0.0,0.0,0.0,0.0
12071040108,Lee,False,True,0,1,107.99894895932451,Fort Lauderdale,2018.0,0.0,0.0,0.0,0.0
12095014609,Orange,True,False,0,0,11.033490652625233,Orlando,2023.0,0.0,0.0,0.0,0.0
12095017012,Orange,True,False,0,0,6.987690879253682,Orlando,2023.0,0.0,0.0,0.0,0.0
12031014419,Duval,False,True,0,1,129.27214474071747,Orlando,2023.0,0.0,0.0,0.0,0.0
12031013728,Duval,False,True,0,1,127.48926838972726,Orlando,2023.0,0.0,0.0,0.0,0.0
12031015806,Duval,False,True,0,1,130.88151900217773,Orlando,2023.0,0.0,0.0,0.0,0.0
12031014427,Duval,False,True,0,1,129.57546532246974,Orlando,2023.0,0.0,0.0,0.0,0.0
12031014339,Duval,False,True,0,1,130.44523052948873,Orlando,2023.0,0.0,0.0,0.0,0.0
12031017400,Duval,False,True,0,1,133.87938154904685,Orlando,2023.0,0.0,0.0,0.0,0.0
12031002502,Duval,False,True,0,1,133.54939633587801,Orlando,2023.0,0.0,0.0,0.0,0.0
12031013905,Duval,False,True,0,1,133.5874195774079,Orlando,2023.0,0.0,0.0,0.0,0.0
12031014333,Duval,False,True,0,1,135.51103160986406,Orlando,2023.0,0.0,0.0,0.0,0.0
12115000407,Sarasota,False,True,0,1,103.65606464125513,Orlando,2023.0,0.0,0.0,0.0,0.0
12115002007,Sarasota,False,True,0,1,109.12436366168622,Orlando,2023.0,0.0,0.0,0.0,0.0
12057010816,Hillsborough,False,True,0,1,72.9045546187184,Orlando,2023.0,0.0,0.0,0.0,0.0
12057012212,Hillsborough,False,True,0,1,69.49644805936765,Orlando,2023.0,0.0,0.0,0.0,0.0
12057011005,Hillsborough,False,True,0,1,71.43593331083406,Orlando,2023.0,0.0,0.0,0.0,0.0
12057012001,Hillsborough,False,True,0,1,71.70784209623766,Orlando,2023.0,0.0,0.0,0.0,0.0
12057012210,Hillsborough,False,True,0,1,65.25532256940836,Orlando,2023.0,0.0,0.0,0.0,0.0
12057011521,Hillsborough,False,True,0,1,76.97682344357325,Orlando,2023.0,0.0,0.0,0.0,0.0
12057011615,Hillsborough,False,True,0,1,82.7744746218531,Orlando,2023.0,0.0,0.0,0.0,0.0
12057012108,Hillsborough,False,True,0,1,65.8839039349687,Orlando,2023.0,0.0,0.0,0.0,0.0
12057014117,Hillsborough,False,True,0,1,80.26110751558691,Orlando,2023.0,0.0,0.0,0.0,0.0
12057011411,Hillsborough,False,True,0,1,78.76064918366923,Orlando,2023.0,0.0,0.0,0.0,0.0
12057013803,Hillsborough,False,True,0,1,75.31006936965107,Orlando,2023.0,0.0,0.0,0.0,0.0
12011091701,Broward,True,False,0,0,4.556128424245945,Aventura,2022.0,0.0,0.0,0.0,0.0
12011100105,Broward,True,False,0,0,2.3817306127012263,Aventura,2022.0,0.0,0.0,0.0,1.0
12011110326,Broward,True,False,0,0,14.973860017571424,Aventura,2022.0,0.0,0.0,0.0,0.0
12011010307,Broward,True,False,0,0,2.6594361210799438,Boca Raton,2022.0,0.0,0.0,0.008222805417109628,0.7550429673004879
12011110402,Broward,True,False,0,0,5.758684146124458,Aventura,2022.0,0.0,0.0,0.0,0.0
12011041801,Broward,True,False,1,0,0.9815369664279516,Fort Lauderdale,2018.0,0.0,0.4742120507917738,0.5257879492082277,0.0
12011060126,Broward,True,False,0,0,7.4495953050488355,Fort Lauderdale,2018.0,0.0,0.0,0.0,0.0
12011060608,Broward,True,False,0,0,8.04997299738369,Fort Lauderdale,2018.0,0.0,0.0,0.0,0.0
12011090601,Broward,True,False,0,0,7.698671559660815,Aventura,2022.0,0.0,0.0,0.0,0.0
12011020412,Broward,True,False,0,0,8.24877575493343,Fort Lauderdale,2018.0,0.0,0.0,0.0,0.0
12011050205,Broward,True,False,0,0,7.162377098795127,Fort Lauderdale,2018.0,0.0,0.0,0.0,0.0
12011100201,Broward,True,False,0,0,2.2495206573862165,Aventura,2022.0,0.0,0.0,0.1644786116584265,0.8355213883415652
12011040205,Broward,True,False,0,0,5.541332589055212,Fort Lauderdale,2018.0,0.0,0.0,0.0,0.0
12031015702,Duval,False,True,0,1,131.5342708017976,Orlando,2023.0,0.0,0.0,0.0,0.0
12031014206,Duval,False,True,0,1,128.70881541408818,Orlando,2023.0,0.0,0.0,0.0,0.0
12086006713,Other,False,False,0,0,1.3118393961360164,MiamiCentral,2018.0,0.0,0.0,1.0,0.0
12086004404,Other,False,False,0,0,3.9863399805680313,MiamiCentral,2018.0,0.0,0.0,0.0,0.0
12086004206,Other,False,False,0,0,4.148531016032294,MiamiCentral,2018.0,0.0,0.0,0.0,0.0
12086980300,Other,False,False,0,0,6.725015822111644,MiamiCentral,2018.0,0.0,0.0,0.0,0.0
12086017500,Other,False,False,0,0,15.957277231154807,MiamiCentral,2018.0,0.0,0.0,0.0,0.0
12011010305,Broward,True,False,0,0,3.4081520714214784,Boca Raton,2022.0,0.0,0.0,0.0,0.08838417662465031
12011010611,Broward,True,False,0,0,12.266520370161498,Boca Raton,2022.0,0.0,0.0,0.0,0.0
12011020101,Broward,True,False,0,0,9.001094303994346,Boca Raton,2022.0,0.0,0.0,0.0,0.0
12011042200,Broward,True,False,0,0,2.5527194684711754,Fort Lauderdale,2018.0,0.0,0.0,0.039994661208299864,0.8771647013554391
12011050702,Broward,True,False,0,0,3.563504086759292,Fort Lauderdale,2018.0,0.0,0.0,0.0,0.012100281135448577
12086014200,Other,False,False,0,0,13.51704944819725,MiamiCentral,2018.0,0.0,0.0,0.0,0.0
12086000807,Other,False,False,0,0,6.546414956021442,MiamiCentral,2018.0,0.0,0.0,0.0,0.0
12086003706,Other,False,False,0,0,0.16719887151806057,MiamiCentral,2018.0,0.9999999999999998,0.0,0.0,0.0
12086004405,Other,False,False,0,0,3.5762503716890417,MiamiCentral,2018.0,0.0,0.0,0.0,0.0
12086007605,Other,False,False,0,0,8.005339815467346,MiamiCentral,2018.0,0.0,0.0,0.0,0.0
12086007103,Other,False,False,0,0,4.515124392531599,MiamiCentral,2018.0,0.0,0.0,0.0,0.0
12086980200,Other,False,False,0,0,17.268052821092393,MiamiCentral,2018.0,0.0,0.0,0.0,0.0
12086015600,Other,False,False,0,0,12.455231090115815,MiamiCentral,2018.0,0.0,0.0,0.0,0.0
12086009031,Other,False,False,0,0,8.218436544198582,MiamiCentral,2018.0,0.0,0.0,0.0,0.0
12086020100,Other,False,False,0,0,17.697619943371148,MiamiCentral,2018.0,0.0,0.0,0.0,0.0
12086016900,Other,False,False,0,0,14.828148880227488,MiamiCentral,2018.0,0.0,0.0,0.0,0.0
12086980600,Other,False,False,0,0,18.07626751302564,MiamiCentral,2018.0,0.0,0.0,0.0,0.0
12099001002,Palm Beach,True,False,0,0,5.61486489186434,West Palm Beach,2018.0,0.0,0.0,0.0,0.0
12099001102,Palm Beach,True,False,0,0,6.307320873911494,West Palm Beach,2018.0,0.0,0.0,0.0,0.0
12099001911,Palm Beach,True,False,0,0,4.176120380900257,West Palm Beach,2018.0,0.0,0.0,0.0,0.0
12099001912,Palm Beach,True,False,0,0,4.719491765712447,West Palm Beach,2018.0,0.0,0.0,0.0,0.0
12099002800,Palm Beach,True,False,0,0,1.0480833935917149,West Palm Beach,2018.0,0.0,0.3443696856649495,0.6556303143350446,0.0
12099004101,Palm Beach,True,False,0,0,4.675839037663877,West Palm Beach,2018.0,0.0,0.0,0.0,0.0
12099004706,Palm Beach,True,False,0,0,7.961256358439092,West Palm Beach,2018.0,0.0,0.0,0.0,0.0
12099005601,Palm Beach,True,False,0,0,10.160568814990846,West Palm Beach,2018.0,0.0,0.0,0.0,0.0
12099007407,Palm Beach,True,False,0,0,3.5052264174818912,Boca Raton,2022.0,0.0,0.0,0.0,0.1252156800487136
12099007820,Palm Beach,True,False,0,0,10.69622059004616,West Palm Beach,2018.0,0.0,0.0,0.0,0.0
12099007835,Palm Beach,True,False,0,0,11.184258604039636,West Palm Beach,2018.0,0.0,0.0,0.0,0.0
12099005810,Palm Beach,True,False,0,0,12.24684879367169,West Palm Beach,2018.0,0.0,0.0,0.0,0.0
12099005916,Palm Beach,True,False,0,0,9.947267751584546,West Palm Beach,2018.0,0.0,0.0,0.0,0.0
12099005922,Palm Beach,True,False,0,0,12.770875676935315,Boca Raton,2022.0,0.0,0.0,0.0,0.0
12099005940,Palm Beach,True,False,0,0,7.283990874903027,Boca Raton,2022.0,0.0,0.0,0.0,0.0
12099005949,Palm Beach,True,False,0,0,12.019352103432984,Boca Raton,2022.0,0.0,0.0,0.0,0.0
12099007754,Palm Beach,True,False,0,0,12.31577617590973,West Palm Beach,2018.0,0.0,0.0,0.0,0.0
12099007764,Palm Beach,True,False,0,0,10.369743082826776,West Palm Beach,2018.0,0.0,0.0,0.0,0.0
12099000702,Palm Beach,True,False,0,0,6.943897439458414,West Palm Beach,2018.0,0.0,0.0,0.0,0.0
12099005954,Palm Beach,True,False,0,0,9.886957623694048,Boca Raton,2022.0,0.0,0.0,0.0,0.0
12099007007,Palm Beach,True,False,0,0,5.523420879956157,Boca Raton,2022.0,0.0,0.0,0.0,0.0
12099002400,Palm Beach,True,False,1,0,0.5620000384718817,West Palm Beach,2018.0,0.38647952245109435,0.6135204775489,0.0,0.0
12099004010,Palm Beach,True,False,0,0,6.156855062319072,West Palm Beach,2018.0,0.0,0.0,0.0,0.0
12099004817,Palm Beach,True,False,0,0,9.00357177650436,West Palm Beach,2018.0,0.0,0.0,0.0,0.0
12099006006,Palm Beach,True,False,0,0,11.636550857365952,Boca Raton,2022.0,0.0,0.0,0.0,0.0
12099006604,Palm Beach,True,False,0,0,8.597759183323555,Boca Raton,2022.0,0.0,0.0,0.0,0.0
12099007008,Palm Beach,True,False,0,0,3.7272509492864714,Boca Raton,2022.0,0.0,0.0,0.0,0.014791182944761682
12099007614,Palm Beach,True,False,0,0,3.6901630933742813,Boca Raton,2022.0,0.0,0.0,0.0,0.0
12021010205,Collier,False,True,0,1,102.58438876543671,Fort Lauderdale,2018.0,0.0,0.0,0.0,0.0
12099008102,Palm Beach,True,False,0,0,38.343866558528795,West Palm Beach,2018.0,0.0,0.0,0.0,0.0
12021000401,Collier,False,True,0,1,103.55219060453783,Fort Lauderdale,2018.0,0.0,0.0,0.0,0.0
12001000302,Alachua,False,True,0,1,107.32403183813422,Orlando,2023.0,0.0,0.0,0.0,0.0
12001002217,Alachua,False,True,0,1,108.52489334091744,Orlando,2023.0,0.0,0.0,0.0,0.0
12057013316,Hillsborough,False,True,0,1,70.18909898275976,Orlando,2023.0,0.0,0.0,0.0,0.0
12057002600,Hillsborough,False,True,0,1,79.16285434294163,Orlando,2023.0,0.0,0.0,0.0,0.0
12011110351,Broward,True,False,0,0,8.045839770292993,Aventura,2022.0,0.0,0.0,0.0,0.0
12001000202,Alachua,False,True,0,1,105.31753694432658,Orlando,2023.0,0.0,0.0,0.0,0.0
12001002222,Alachua,False,True,0,1,107.70370997974231,Orlando,2023.0,0.0,0.0,0.0,0.0
12001001605,Alachua,False,True,0,1,107.69465346126414,Orlando,2023.0,0.0,0.0,0.0,0.0
12011110362,Broward,True,False,0,0,13.388097339818604,Aventura,2022.0,0.0,0.0,0.0,0.0
12011020417,Broward,True,False,0,0,11.122871531722803,Fort Lauderdale,2018.0,0.0,0.0,0.0,0.0
12011031207,Broward,True,False,0,0,7.631088507758636,Fort Lauderdale,2018.0,0.0,0.0,0.0,0.0
12011010615,Broward,True,False,0,0,6.889474770298182,Boca Raton,2022.0,0.0,0.0,0.0,0.0
12011110367,Broward,True,False,0,0,7.029836224982512,Aventura,2022.0,0.0,0.0,0.0,0.0
12011042502,Broward,True,False,1,0,0.5162811287682415,Fort Lauderdale,2018.0,0.4427123723160663,0.5303515409753624,0.026936086708573115,0.0
12011010201,Broward,True,False,0,0,3.6819422462391467,Boca Raton,2022.0,0.0,0.0,0.0,0.0
12011110357,Broward,True,False,0,0,14.22889496541453,Aventura,2022.0,0.0,0.0,0.0,0.0
12011040506,Broward,True,False,0,0,4.780228531119228,Fort Lauderdale,2018.0,0.0,0.0,0.0,0.0
12011030805,Broward,True,False,0,0,6.825068523804542,Fort Lauderdale,2018.0,0.0,0.0,0.0,0.0
12011091803,Broward,True,False,0,0,3.011330111197222,Aventura,2022.0,0.0,0.0,0.0,0.4757155901545081
12011100107,Broward,True,False,0,0,2.8425253934805017,Aventura,2022.0,0.0,0.0,0.0,0.850909539374162
12021011111,Collier,False,True,0,1,91.84232809122899,MiamiCentral,2018.0,0.0,0.0,0.0,0.0
12021011109,Collier,False,True,0,1,94.26374966122678,MiamiCentral,2018.0,0.0,0.0,0.0,0.0
12021010430,Collier,False,True,0,1,100.30582886588338,Fort Lauderdale,2018.0,0.0,0.0,0.0,0.0
12021010517,Collier,False,True,0,1,98.34722262611176,Fort Lauderdale,2018.0,0.0,0.0,0.0,0.0
12021010217,Collier,False,True,0,1,101.54207287053053,Fort Lauderdale,2018.0,0.0,0.0,0.0,0.0
12021011209,Collier,False,True,0,1,97.40622710440711,Fort Lauderdale,2018.0,0.0,0.0,0.0,0.0
12057010823,Hillsborough,False,True,0,1,71.30730896945025,Orlando,2023.0,0.0,0.0,0.0,0.0
12057012110,Hillsborough,False,True,0,1,67.67520445388315,Orlando,2023.0,0.0,0.0,0.0,0.0
12057000301,Hillsborough,False,True,0,1,73.7877871361846,Orlando,2023.0,0.0,0.0,0.0,0.0
12057010819,Hillsborough,False,True,0,1,71.08437404009408,Orlando,2023.0,0.0,0.0,0.0,0.0
12057004901,Hillsborough,False,True,0,1,78.21116068838239,Orlando,2023.0,0.0,0.0,0.0,0.0
12099007852,Palm Beach,True,False,0,0,16.776551371016822,West Palm Beach,2018.0,0.0,0.0,0.0,0.0
12095016909,Orange,True,False,0,0,8.367203277814344,Orlando,2023.0,0.0,0.0,0.0,0.0
12095016746,Orange,True,False,0,0,11.662063418692966,Orlando,2023.0,0.0,0.0,0.0,0.0
12095017025,Orange,True,False,0,0,9.839997439472587,Orlando,2023.0,0.0,0.0,0.0,0.0
12095012405,Orange,True,False,0,0,15.312755097816083,Orlando,2023.0,0.0,0.0,0.0,0.0
12095016910,Orange,True,False,0,0,8.889723329954236,Orlando,2023.0,0.0,0.0,0.0,0.0
12095016752,Orange,True,False,0,0,8.853796644130307,Orlando,2023.0,0.0,0.0,0.0,0.0
12086012105,Other,False,False,0,0,10.822736351254829,Aventura,2022.0,0.0,0.0,0.0,0.0
12099007769,Palm Beach,True,False,0,0,5.98570810175029,Boca Raton,2022.0,0.0,0.0,0.0,0.0
12031013904,Duval,False,True,0,1,134.71738568588066,Orlando,2023.0,0.0,0.0,0.0,0.0
12031014901,Duval,False,True,0,1,135.43355203775084,Orlando,2023.0,0.0,0.0,0.0,0.0
12001002208,Alachua,False,True,0,1,109.80163361105937,Orlando,2023.0,0.0,0.0,0.0,0.0
12073000800,Leon,False,True,0,1,227.67050116216046,Orlando,2023.0,0.0,0.0,0.0,0.0
12073002517,Leon,False,True,0,1,221.4937587141336,Orlando,2023.0,0.0,0.0,0.0,0.0
12073002421,Leon,False,True,0,1,228.0160595027982,Orlando,2023.0,0.0,0.0,0.0,0.0
12073000501,Leon,False,True,0,1,227.590506864924,Orlando,2023.0,0.0,0.0,0.0,0.0
12086011408,Other,False,False,0,0,43.62449151851738,MiamiCentral,2018.0,0.0,0.0,0.0,0.0
12086007007,Other,False,False,0,0,4.7906609641006375,MiamiCentral,2018.0,0.0,0.0,0.0,0.0
12086000720,Other,False,False,0,0,8.48711793043163,MiamiCentral,2018.0,0.0,0.0,0.0,0.0
12086000610,Other,False,False,0,0,7.2868745960055925,MiamiCentral,2018.0,0.0,0.0,0.0,0.0
12086005503,Other,False,False,0,0,3.5101445921377366,MiamiCentral,2018.0,0.0,0.0,0.0,0.0
12086008908,Other,False,False,0,0,9.358155998441932,MiamiCentral,2018.0,0.0,0.0,0.0,0.0
12086014601,Other,False,False,0,0,12.177194049180102,MiamiCentral,2018.0,0.0,0.0,0.0,0.0
12086013201,Other,False,False,0,0,11.754400586858647,MiamiCentral,2018.0,0.0,0.0,0.0,0.0
12086006105,Other,False,False,0,0,5.695588366521244,MiamiCentral,2018.0,0.0,0.0,0.0,0.0
12086003604,Other,False,False,0,0,0.8880208837240451,MiamiCentral,2018.0,0.0,0.8675730350907199,0.13242696490926661,0.0
12086009051,Other,False,False,0,0,8.320585485708841,MiamiCentral,2018.0,0.0,0.0,0.0,0.0
12086000715,Other,False,False,0,0,8.8120359123524,MiamiCentral,2018.0,0.0,0.0,0.0,0.0
12086015202,Other,False,False,0,0,15.440583624982656,MiamiCentral,2018.0,0.0,0.0,0.0,0.0
12086016401,Other,False,False,0,0,16.626131203270763,MiamiCentral,2018.0,0.0,0.0,0.0,0.0
12086018002,Other,False,False,0,0,18.1150994989452,MiamiCentral,2018.0,0.0,0.0,0.0,0.0
12086011205,Other,False,False,0,0,28.527136373002833,MiamiCentral,2018.0,0.0,0.0,0.0,0.0
12086010803,Other,False,False,0,0,22.274381082112118,MiamiCentral,2018.0,0.0,0.0,0.0,0.0
12086010622,Other,False,False,0,0,18.526116629385598,MiamiCentral,2018.0,0.0,0.0,0.0,0.0
12086008427,Other,False,False,0,0,14.191860211566055,MiamiCentral,2018.0,0.0,0.0,0.0,0.0
12086018902,Other,False,False,0,0,15.238154000739817,MiamiCentral,2018.0,0.0,0.0,0.0,0.0
12086017902,Other,False,False,0,0,16.98063382350819,MiamiCentral,2018.0,0.0,0.0,0.0,0.0
12086011103,Other,False,False,0,0,27.16250174271446,MiamiCentral,2018.0,0.0,0.0,0.0,0.0
12086006606,Other,False,False,0,0,1.051813876970145,MiamiCentral,2018.0,0.0,0.25114320299125753,0.748856797008768,0.0
12086000716,Other,False,False,0,0,8.535537859937877,MiamiCentral,2018.0,0.0,0.0,0.0,0.0
12086008604,Other,False,False,0,0,11.492872834866779,MiamiCentral,2018.0,0.0,0.0,0.0,0.0
12086008420,Other,False,False,0,0,13.808292733519952,MiamiCentral,2018.0,0.0,0.0,0.0,0.0
12086008424,Other,False,False,0,0,13.371007179491725,MiamiCentral,2018.0,0.0,0.0,0.0,0.0
12086017102,Other,False,False,0,0,13.881280498425198,MiamiCentral,2018.0,0.0,0.0,0.0,0.0
12086003708,Other,False,False,0,0,0.6304239377248851,MiamiCentral,2018.0,0.07015089337122347,0.9298491066287765,0.0,0.0
12086018802,Other,False,False,0,0,15.488236977686858,MiamiCentral,2018.0,0.0,0.0,0.0,0.0
12086000225,Other,False,False,0,0,2.4448318613521156,Aventura,2022.0,0.0,0.0,0.0,0.9999999999999999
12086000309,Other,False,False,0,0,4.716030365146806,Aventura,2022.0,0.0,0.0,0.0,0.0
12086000222,Other,False,False,0,0,1.8248930202812015,Aventura,2022.0,0.0,0.0,0.7008470868633893,0.2991529131366053
12086009601,Other,False,False,0,0,3.269093616642334,Aventura,2022.0,0.0,0.0,0.0,0.13842781767534817
12086010018,Other,False,False,0,0,8.775553781255129,Aventura,2022.0,0.0,0.0,0.0,0.0
12086000507,Other,False,False,0,0,8.220685662030082,Aventura,2022.0,0.0,0.0,0.0,0.0
12086000418,Other,False,False,0,0,6.046433329547398,Aventura,2022.0,0.0,0.0,0.0,0.0
12086009908,Other,False,False,0,0,4.079412697841596,Aventura,2022.0,0.0,0.0,0.0,0.0
12086012602,Other,False,False,0,0,12.329171211394817,MiamiCentral,2018.0,0.0,0.0,0.0,0.0
12086009050,Other,False,False,0,0,12.19292217158034,MiamiCentral,2018.0,0.0,0.0,0.0,0.0
12086000146,Other,False,False,0,0,1.5093551274877017,Aventura,2022.0,0.0,0.0,1.0,0.0
12086019401,Other,False,False,0,0,16.56418613976102,MiamiCentral,2018.0,0.0,0.0,0.0,0.0
12086003607,Other,False,False,0,0,0.5854930011721585,MiamiCentral,2018.0,0.09931716251788705,0.900682837482101,0.0,0.0
12086010017,Other,False,False,0,0,8.697851289758006,Aventura,2022.0,0.0,0.0,0.0,0.0
12071050320,Lee,False,True,0,1,105.75413481716355,Fort Lauderdale,2018.0,0.0,0.0,0.0,0.0
12071010108,Lee,False,True,0,1,120.74798818064,Boca Raton,2022.0,0.0,0.0,0.0,0.0
12071050604,Lee,False,True,0,1,103.15550465561752,Fort Lauderdale,2018.0,0.0,0.0,0.0,0.0
12071010421,Lee,False,True,0,1,119.34749620108512,Fort Lauderdale,2018.0,0.0,0.0,0.0,0.0
12071040315,Lee,False,True,0,1,95.71040085497599,Boca Raton,2022.0,0.0,0.0,0.0,0.0
12071010209,Lee,False,True,0,1,114.92643125556143,West Palm Beach,2018.0,0.0,0.0,0.0,0.0
12071010414,Lee,False,True,0,1,117.58295968668648,Fort Lauderdale,2018.0,0.0,0.0,0.0,0.0
12071020801,Lee,False,True,0,1,114.32806646529006,West Palm Beach,2018.0,0.0,0.0,0.0,0.0
12071001918,Lee,False,True,0,1,112.19417719096538,Fort Lauderdale,2018.0,0.0,0.0,0.0,0.0
12071000306,Lee,False,True,0,1,108.99275405257401,West Palm Beach,2018.0,0.0,0.0,0.0,0.0
12071050323,Lee,False,True,0,1,95.14689036066078,Fort Lauderdale,2018.0,0.0,0.0,0.0,0.0
12071001205,Lee,False,True,0,1,109.34932265375873,Boca Raton,2022.0,0.0,0.0,0.0,0.0
12115001405,Sarasota,False,True,0,1,101.2126395015819,Orlando,2023.0,0.0,0.0,0.0,0.0
12115002403,Sarasota,False,True,0,1,115.463513051105,Orlando,2023.0,0.0,0.0,0.0,0.0
12115002741,Sarasota,False,True,0,1,105.5471344481248,Orlando,2023.0,0.0,0.0,0.0,0.0
12115001205,Sarasota,False,True,0,1,100.94797016022886,Orlando,2023.0,0.0,0.0,0.0,0.0
12115002015,Sarasota,False,True,0,1,106.71878045286216,Orlando,2023.0,0.0,0.0,0.0,0.0
12095014202,Orange,True,False,0,0,5.320419796705248,Orlando,2023.0,0.0,0.0,0.0,0.0
12095017024,Orange,True,False,0,0,12.879417183553883,Orlando,2023.0,0.0,0.0,0.0,0.0
12095016738,Orange,True,False,0,0,10.031242789096636,Orlando,2023.0,0.0,0.0,0.0,0.0
12095014705,Orange,True,False,0,0,11.794432154644218,Orlando,2023.0,0.0,0.0,0.0,0.0
12095018201,Orange,True,False,0,0,11.084847604139533,Orlando,2023.0,0.0,0.0,0.0,0.0
12095010201,Orange,True,False,0,0,10.184130937930142,Orlando,2023.0,0.0,0.0,0.0,0.0
12099000218,Palm Beach,True,False,0,0,10.166281071568827,West Palm Beach,2018.0,0.0,0.0,0.0,0.0
12099007620,Palm Beach,True,False,0,0,1.5940386662859467,Boca Raton,2022.0,0.0,0.1414527588339361,0.6022748115081514,0.25627242965791114
12099005704,Palm Beach,True,False,0,0,11.055267720738568,West Palm Beach,2018.0,0.0,0.0,0.0,0.0
12099007205,Palm Beach,True,False,1,0,0.5169897178517364,Boca Raton,2022.0,0.3550743607713799,0.5745217015483117,0.07040393768030605,0.0
12099001919,Palm Beach,True,False,0,0,3.702200162334084,West Palm Beach,2018.0,0.0,0.0,0.0,0.0
12099007840,Palm Beach,True,False,0,0,10.465775704931183,West Palm Beach,2018.0,0.0,0.0,0.0,0.0
12099006302,Palm Beach,True,False,0,0,10.203046319106651,Boca Raton,2022.0,0.0,0.0,0.0,0.0
12099007204,Palm Beach,True,False,1,0,0.6255692879540636,Boca Raton,2022.0,0.22641515972305018,0.7670478429092866,0.006536997367652564,0.0
12099004823,Palm Beach,True,False,0,0,10.455056937766168,West Palm Beach,2018.0,0.0,0.0,0.0,0.0
12099006301,Palm Beach,True,False,0,0,10.225252598231167,Boca Raton,2022.0,0.0,0.0,0.0,0.0
12099000103,Palm Beach,True,False,0,0,17.571031755511427,West Palm Beach,2018.0,0.0,0.0,0.0,0.0
12099007849,Palm Beach,True,False,0,0,18.455267341330405,West Palm Beach,2018.0,0.0,0.0,0.0,0.0
12031015929,Duval,False,True,0,1,128.51362989433258,Orlando,2023.0,0.0,0.0,0.0,0.0
12031010503,Duval,False,True,0,1,141.5190058165835,Orlando,2023.0,0.0,0.0,0.0,0.0
12031011904,Duval,False,True,0,1,133.39462385447243,Orlando,2023.0,0.0,0.0,0.0,0.0
12031015928,Duval,False,True,0,1,127.99466049509248,Orlando,2023.0,0.0,0.0,0.0,0.0
12073001200,Leon,False,True,0,1,227.47624871204783,Orlando,2023.0,0.0,0.0,0.0,0.0
12086007704,Other,False,False,0,0,9.031069027641113,MiamiCentral,2018.0,0.0,0.0,0.0,0.0
12086008209,Other,False,False,0,0,14.382119236075077,MiamiCentral,2018.0,0.0,0.0,0.0,0.0
12086009312,Other,False,False,0,0,9.971296718584533,Aventura,2022.0,0.0,0.0,0.0,0.0
12086002705,Other,False,False,0,0,2.3030092008087615,MiamiCentral,2018.0,0.0,0.0,0.11503790307248579,0.8804259161341516
12086013400,Other,False,False,0,0,11.133071003209132,MiamiCentral,2018.0,0.0,0.0,0.0,0.0
12021010907,Collier,False,True,0,1,95.03706724512669,MiamiCentral,2018.0,0.0,0.0,0.0,0.0
12021010804,Collier,False,True,0,1,97.43096517553165,MiamiCentral,2018.0,0.0,0.0,0.0,0.0
12021010425,Collier,False,True,0,1,93.2792369658569,Fort Lauderdale,2018.0,0.0,0.0,0.0,0.0
12071040120,Lee,False,True,0,1,97.67442494482937,Boca Raton,2022.0,0.0,0.0,0.0,0.0
12095013402,Orange,True,False,0,0,8.156596230057174,Orlando,2023.0,0.0,0.0,0.0,0.0
12095018500,Orange,True,False,0,0,9.00665423775306,Orlando,2023.0,0.0,0.0,0.0,0.0
12031014331,Duval,False,True,0,1,130.20624380081216,Orlando,2023.0,0.0,0.0,0.0,0.0
12031015925,Duval,False,True,0,1,126.16410932722083,Orlando,2023.0,0.0,0.0,0.0,0.0
12031016727,Duval,False,True,0,1,123.28456904877234,Orlando,2023.0,0.0,0.0,0.0,0.0
12057000901,Hillsborough,False,True,0,1,72.16107216100741,Orlando,2023.0,0.0,0.0,0.0,0.0
12057011418,Hillsborough,False,True,0,1,77.72025328557456,Orlando,2023.0,0.0,0.0,0.0,0.0
12057011303,Hillsborough,False,True,0,1,76.25087151507707,Orlando,2023.0,0.0,0.0,0.0,0.0
12057010817,Hillsborough,False,True,0,1,72.93491169678411,Orlando,2023.0,0.0,0.0,0.0,0.0
12011080103,Broward,True,False,0,0,5.601597135242591,Fort Lauderdale,2018.0,0.0,0.0,0.0,0.0
12011090602,Broward,True,False,0,0,7.247490280938081,Aventura,2022.0,0.0,0.0,0.0,0.0
12011090504,Broward,True,False,0,0,6.687964452945167,Aventura,2022.0,0.0,0.0,0.0,0.0
12011090403,Broward,True,False,0,0,3.9075656635541622,Aventura,2022.0,0.0,0.0,0.0,0.0
12011041400,Broward,True,False,0,0,1.5952455160813108,Fort Lauderdale,2018.0,0.0,0.0,0.9733299305618653,0.0266700694381289
12011020323,Broward,True,False,0,0,11.520871878054253,Boca Raton,2022.0,0.0,0.0,0.0,0.0
12011030301,Broward,True,False,0,0,6.453820496320691,Boca Raton,2022.0,0.0,0.0,0.0,0.0
12011060402,Broward,True,False,0,0,4.4313038870586015,Fort Lauderdale,2018.0,0.0,0.0,0.0,0.0
12099000600,Palm Beach,True,False,0,0,9.392400388326434,West Palm Beach,2018.0,0.0,0.0,0.0,0.0
12099001916,Palm Beach,True,False,0,0,2.603145448684736,West Palm Beach,2018.0,0.0,0.0,0.0,0.9973023223792313
12099007616,Palm Beach,True,False,0,0,3.457088458598786,Boca Raton,2022.0,0.0,0.0,0.0,0.2428899735231526
12099007812,Palm Beach,True,False,0,0,10.616878853966181,West Palm Beach,2018.0,0.0,0.0,0.0,0.0
12099005812,Palm Beach,True,False,0,0,11.974170869986185,West Palm Beach,2018.0,0.0,0.0,0.0,0.0
12099001403,Palm Beach,True,False,0,0,4.020034514196848,West Palm Beach,2018.0,0.0,0.0,0.0,0.0
12099004005,Palm Beach,True,False,0,0,6.1843946537214665,West Palm Beach,2018.0,0.0,0.0,0.0,0.0
12099005930,Palm Beach,True,False,0,0,8.916128627260193,Boca Raton,2022.0,0.0,0.0,0.0,0.0
12099007818,Palm Beach,True,False,0,0,8.54056864251761,West Palm Beach,2018.0,0.0,0.0,0.0,0.0
12021010211,Collier,False,True,0,1,101.45935579716303,Fort Lauderdale,2018.0,0.0,0.0,0.0,0.0
12057011617,Hillsborough,False,True,0,1,83.61311371096787,Orlando,2023.0,0.0,0.0,0.0,0.0
12057011911,Hillsborough,False,True,0,1,77.71123376861524,Orlando,2023.0,0.0,0.0,0.0,0.0
12057010820,Hillsborough,False,True,0,1,71.64935862889129,Orlando,2023.0,0.0,0.0,0.0,0.0
12071001802,Lee,False,True,0,1,113.8988347333612,Fort Lauderdale,2018.0,0.0,0.0,0.0,0.0
12071001502,Lee,False,True,0,1,111.53154977135472,Fort Lauderdale,2018.0,0.0,0.0,0.0,0.0
12071040122,Lee,False,True,0,1,102.82823969509654,Boca Raton,2022.0,0.0,0.0,0.0,0.0
12095012201,Orange,True,False,0,0,14.531949755611791,Orlando,2023.0,0.0,0.0,0.0,0.0
12095016504,Orange,True,False,0,0,12.972071697310025,Orlando,2023.0,0.0,0.0,0.0,0.0
12095012306,Orange,True,False,0,0,16.14322761415852,Orlando,2023.0,0.0,0.0,0.0,0.0
12021010606,Collier,False,True,0,1,99.39461473291567,Fort Lauderdale,2018.0,0.0,0.0,0.0,0.0
12011020322,Broward,True,False,0,0,10.518346374736499,Fort Lauderdale,2018.0,0.0,0.0,0.0,0.0
12011090200,Broward,True,False,0,0,4.64806399202962,Aventura,2022.0,0.0,0.0,0.0,0.0
12011060117,Broward,True,False,0,0,7.88613848584488,Fort Lauderdale,2018.0,0.0,0.0,0.0,0.0
12011010606,Broward,True,False,0,0,8.046894344127315,Boca Raton,2022.0,0.0,0.0,0.0,0.0
12011110404,Broward,True,False,0,0,5.687858899485693,Aventura,2022.0,0.0,0.0,0.0,0.0
12115000501,Sarasota,False,True,0,1,106.32408924444552,Orlando,2023.0,0.0,0.0,0.0,0.0
12115001303,Sarasota,False,True,0,1,103.26625291283203,Orlando,2023.0,0.0,0.0,0.0,0.0
12057007103,Hillsborough,False,True,0,1,82.51921736504916,Orlando,2023.0,0.0,0.0,0.0,0.0
12057013504,Hillsborough,False,True,0,1,73.13277267411796,Orlando,2023.0,0.0,0.0,0.0,0.0
12057012401,Hillsborough,False,True,0,1,61.64983827869607,Orlando,2023.0,0.0,0.0,0.0,0.0
12086015900,Other,False,False,0,0,14.00811424916408,MiamiCentral,2018.0,0.0,0.0,0.0,0.0
12086001605,Other,False,False,0,0,6.3437909700832265,MiamiCentral,2018.0,0.0,0.0,0.0,0.0
12086005407,Other,False,False,0,0,2.5553244022508115,MiamiCentral,2018.0,0.0,0.0,0.0,0.9999999999999998
12086006504,Other,False,False,0,0,2.2409065572823463,MiamiCentral,2018.0,0.0,0.0,0.03745361848616521,0.9625463815138452
12086008601,Other,False,False,0,0,10.81815104346779,MiamiCentral,2018.0,0.0,0.0,0.0,0.0
12086004103,Other,False,False,0,0,4.88060534287842,MiamiCentral,2018.0,0.0,0.0,0.0,0.0
12086000605,Other,False,False,0,0,6.58219591152899,MiamiCentral,2018.0,0.0,0.0,0.0,0.0
12031014104,Duval,False,True,0,1,130.20560070948036,Orlando,2023.0,0.0,0.0,0.0,0.0
12086006714,Other,False,False,0,0,1.4915363797492787,MiamiCentral,2018.0,0.0,0.0,1.0,0.0
12086000125,Other,False,False,0,0,2.101507677778041,Aventura,2022.0,0.0,0.0,0.1788195214172319,0.8211804785827719
12086003803,Other,False,False,0,0,4.696991594151079,Aventura,2022.0,0.0,0.0,0.0,0.0
12086015700,Other,False,False,0,0,13.171367813226095,MiamiCentral,2018.0,0.0,0.0,0.0,0.0
12086007603,Other,False,False,0,0,7.515814419186389,MiamiCentral,2018.0,0.0,0.0,0.0,0.0
12099005102,Palm Beach,True,False,0,0,7.682768806876814,West Palm Beach,2018.0,0.0,0.0,0.0,0.0
12099007833,Palm Beach,True,False,0,0,7.358825036756375,West Palm Beach,2018.0,0.0,0.0,0.0,0.0
12099004402,Palm Beach,True,False,0,0,6.216346087900155,West Palm Beach,2018.0,0.0,0.0,0.0,0.0
12099006008,Palm Beach,True,False,0,0,10.525541265290483,Boca Raton,2022.0,0.0,0.0,0.0,0.0
12057011106,Hillsborough,False,True,0,1,75.3884878792949,Orlando,2023.0,0.0,0.0,0.0,0.0
12057012106,Hillsborough,False,True,0,1,64.2653899524275,Orlando,2023.0,0.0,0.0,0.0,0.0
12115000601,Sarasota,False,True,0,1,107.00443752805094,Orlando,2023.0,0.0,0.0,0.0,0.0
12021010408,Collier,False,True,0,1,97.63550866676407,Fort Lauderdale,2018.0,0.0,0.0,0.0,0.0
12073000904,Leon,False,True,0,1,225.0704658309316,Orlando,2023.0,0.0,0.0,0.0,0.0
12073000301,Leon,False,True,0,1,226.1574763701754,Orlando,2023.0,0.0,0.0,0.0,0.0
12095016406,Orange,True,False,0,0,11.979108557673813,Orlando,2023.0,0.0,0.0,0.0,0.0
12011042400,Broward,True,False,0,0,1.0497372434286238,Fort Lauderdale,2018.0,0.0,0.33169765926877215,0.6683023407312293,0.0
12011070404,Broward,True,False,0,0,8.763551213798015,Fort Lauderdale,2018.0,0.0,0.0,0.0,0.0
12011020309,Broward,True,False,0,0,9.310287203436111,Boca Raton,2022.0,0.0,0.0,0.0,0.0
12011040902,Broward,True,False,0,0,1.5890575430514882,Fort Lauderdale,2018.0,0.0,0.0,0.9248655643659336,0.07513443563406057
12011110403,Broward,True,False,0,0,6.241905249870668,Aventura,2022.0,0.0,0.0,0.0,0.0
12071050103,Lee,False,True,0,1,107.4274969927838,Fort Lauderdale,2018.0,0.0,0.0,0.0,0.0
12095014504,Orange,True,False,0,0,8.951044489464314,Orlando,2023.0,0.0,0.0,0.0,0.0
12095011100,Orange,True,False,0,0,8.43767872084973,Orlando,2023.0,0.0,0.0,0.0,0.0
12057001800,Hillsborough,False,True,0,1,73.35919915211758,Orlando,2023.0,0.0,0.0,0.0,0.0
12057001300,Hillsborough,False,True,0,1,75.8584758986819,Orlando,2023.0,0.0,0.0,0.0,0.0
12086017000,Other,False,False,0,0,14.276863239332133,MiamiCentral,2018.0,0.0,0.0,0.0,0.0
12115000802,Sarasota,False,True,0,1,107.43318066939997,Orlando,2023.0,0.0,0.0,0.0,0.0
12057000202,Hillsborough,False,True,0,1,73.00795087549331,Orlando,2023.0,0.0,0.0,0.0,0.0
12057000601,Hillsborough,False,True,0,1,75.86068014006989,Orlando,2023.0,0.0,0.0,0.0,0.0
12071000401,Lee,False,True,0,1,108.10089883794451,West Palm Beach,2018.0,0.0,0.0,0.0,0.0
12086009504,Other,False,False,0,0,4.915614810156972,Aventura,2022.0,0.0,0.0,0.0,0.0
12086007902,Other,False,False,0,0,7.60575573598439,MiamiCentral,2018.0,0.0,0.0,0.0,0.0
12057014122,Hillsborough,False,True,0,1,82.01705231755993,Orlando,2023.0,0.0,0.0,0.0,0.0
12011070319,Broward,True,False,0,0,15.325988516632865,Fort Lauderdale,2018.0,0.0,0.0,0.0,0.0
12011050208,Broward,True,False,0,0,5.208807191564915,Fort Lauderdale,2018.0,0.0,0.0,0.0,0.0
12011110334,Broward,True,False,0,0,11.90835349518407,Aventura,2022.0,0.0,0.0,0.0,0.0
12011010407,Broward,True,False,0,0,5.04561464054795,Boca Raton,2022.0,0.0,0.0,0.0,0.0
12071001701,Lee,False,True,0,1,112.47365225425395,Fort Lauderdale,2018.0,0.0,0.0,0.0,0.0
12095014815,Orange,True,False,0,0,13.694984702502783,Orlando,2023.0,0.0,0.0,0.0,0.0
12031015400,Duval,False,True,0,1,133.79079950638499,Orlando,2023.0,0.0,0.0,0.0,0.0
12071010418,Lee,False,True,0,1,118.61318390947405,Fort Lauderdale,2018.0,0.0,0.0,0.0,0.0
12071001209,Lee,False,True,0,1,108.47181563081655,Boca Raton,2022.0,0.0,0.0,0.0,0.0
12071001708,Lee,False,True,0,1,111.29168644109349,Fort Lauderdale,2018.0,0.0,0.0,0.0,0.0
12071010106,Lee,False,True,0,1,121.65336283849196,West Palm Beach,2018.0,0.0,0.0,0.0,0.0
12115002013,Sarasota,False,True,0,1,106.4544547261988,Orlando,2023.0,0.0,0.0,0.0,0.0
12095017302,Orange,True,False,0,0,19.981928169869345,Orlando,2023.0,0.0,0.0,0.0,0.0
12095016512,Orange,True,False,0,0,12.8917835547139,Orlando,2023.0,0.0,0.0,0.0,0.0
12095016606,Orange,True,False,0,0,13.981897694840328,Orlando,2023.0,0.0,0.0,0.0,0.0
12099007619,Palm Beach,True,False,0,0,1.4715450131333208,Boca Raton,2022.0,0.0,0.02226106919485468,0.9777389308051437,0.0
12099000512,Palm Beach,True,False,0,0,5.490070384030887,West Palm Beach,2018.0,0.0,0.0,0.0,0.0
12099007916,Palm Beach,True,False,0,0,16.53795790767529,West Palm Beach,2018.0,0.0,0.0,0.0,0.0
12073002008,Leon,False,True,0,1,229.49579904601651,Orlando,2023.0,0.0,0.0,0.0,0.0
12086006303,Other,False,False,0,0,3.200672097164191,MiamiCentral,2018.0,0.0,0.0,0.0,0.10025448830012794
12086000719,Other,False,False,0,0,8.969478615447978,MiamiCentral,2018.0,0.0,0.0,0.0,0.0
12086007004,Other,False,False,0,0,4.104862676770178,MiamiCentral,2018.0,0.0,0.0,0.0,0.0
12086009055,Other,False,False,0,0,10.076749687341358,MiamiCentral,2018.0,0.0,0.0,0.0,0.0
12086009323,Other,False,False,0,0,10.165750943628396,MiamiCentral,2018.0,0.0,0.0,0.0,0.0
12086005706,Other,False,False,0,0,5.4204096619867865,MiamiCentral,2018.0,0.0,0.0,0.0,0.0
12086019901,Other,False,False,0,0,18.649039945541755,MiamiCentral,2018.0,0.0,0.0,0.0,0.0
12086013802,Other,False,False,0,0,10.70761420369524,MiamiCentral,2018.0,0.0,0.0,0.0,0.0
12086006718,Other,False,False,0,0,1.0892991622243569,MiamiCentral,2018.0,0.0,0.19146479133910038,0.8085352086609151,0.0
12086004208,Other,False,False,0,0,3.3572432709092275,MiamiCentral,2018.0,0.0,0.0,0.0,0.0
12086000227,Other,False,False,0,0,3.9677327276023737,Aventura,2022.0,0.0,0.0,0.0,0.0
12086000905,Other,False,False,0,0,6.3352168883064195,MiamiCentral,2018.0,0.0,0.0,0.0,0.0
12086000506,Other,False,False,0,0,6.772473564349034,Aventura,2022.0,0.0,0.0,0.0,0.0
12001000901,Alachua,False,True,0,1,106.23727912891273,Orlando,2023.0,0.0,0.0,0.0,0.0
12011020418,Broward,True,False,0,0,9.804893474733696,Fort Lauderdale,2018.0,0.0,0.0,0.0,0.0
12011091804,Broward,True,False,0,0,3.5194950951799404,Aventura,2022.0,0.0,0.0,0.0,0.0
12011110363,Broward,True,False,0,0,13.44484384320411,Aventura,2022.0,0.0,0.0,0.0,0.0
12086013202,Other,False,False,0,0,12.026520290563015,MiamiCentral,2018.0,0.0,0.0,0.0,0.0
12086012104,Other,False,False,0,0,10.663933739585673,Aventura,2022.0,0.0,0.0,0.0,0.0
12073002005,Leon,False,True,0,1,228.8262115050371,Orlando,2023.0,0.0,0.0,0.0,0.0
12086004605,Other,False,False,0,0,6.068019827233262,MiamiCentral,2018.0,0.0,0.0,0.0,0.0
12086009044,Other,False,False,0,0,12.67917059838739,MiamiCentral,2018.0,0.0,0.0,0.0,0.0
12086013600,Other,False,False,0,0,10.364520161171262,MiamiCentral,2018.0,0.0,0.0,0.0,0.0
12011110350,Broward,True,False,0,0,8.50493569666791,Aventura,2022.0,0.0,0.0,0.0,0.0
12011020420,Broward,True,False,0,0,7.789449902890193,Fort Lauderdale,2018.0,0.0,0.0,0.0,0.0
12071040121,Lee,False,True,0,1,104.12404670303737,Boca Raton,2022.0,0.0,0.0,0.0,0.0
12095013512,Orange,True,False,0,0,5.275257612774582,Orlando,2023.0,0.0,0.0,0.0,0.0
12057005301,Hillsborough,False,True,0,1,76.33663096656727,Orlando,2023.0,0.0,0.0,0.0,0.0
12057013320,Hillsborough,False,True,0,1,71.20745054286837,Orlando,2023.0,0.0,0.0,0.0,0.0
12011070211,Broward,True,False,0,0,7.607087131778694,Fort Lauderdale,2018.0,0.0,0.0,0.0,0.0
12011010308,Broward,True,False,0,0,3.916036671308289,Boca Raton,2022.0,0.0,0.0,0.0,0.0
12011040206,Broward,True,False,0,0,6.062275966980279,Fort Lauderdale,2018.0,0.0,0.0,0.0,0.0
12099005203,Palm Beach,True,False,0,0,6.355054483145896,West Palm Beach,2018.0,0.0,0.0,0.0,0.0
12099005923,Palm Beach,True,False,0,0,13.208616044420074,Boca Raton,2022.0,0.0,0.0,0.0,0.0
12099006202,Palm Beach,True,False,0,0,11.692688804118493,Boca Raton,2022.0,0.0,0.0,0.0,0.0
12021010905,Collier,False,True,0,1,96.41493495343549,MiamiCentral,2018.0,0.0,0.0,0.0,0.0
12031014103,Duval,False,True,0,1,130.2380207565678,Orlando,2023.0,0.0,0.0,0.0,0.0
12031013302,Duval,False,True,0,1,125.56143761056002,Orlando,2023.0,0.0,0.0,0.0,0.0
12071050306,Lee,False,True,0,1,104.22713488817234,Fort Lauderdale,2018.0,0.0,0.0,0.0,0.0
12095015104,Orange,True,False,0,0,16.349817466204193,Orlando,2023.0,0.0,0.0,0.0,0.0
12095013801,Orange,True,False,0,0,7.119534215941973,Orlando,2023.0,0.0,0.0,0.0,0.0
12021010906,Collier,False,True,0,1,92.71600311310458,MiamiCentral,2018.0,0.0,0.0,0.0,0.0
12021011205,Collier,False,True,0,1,80.14558670182792,Fort Lauderdale,2018.0,0.0,0.0,0.0,0.0
12011050701,Broward,True,False,0,0,3.428370803550944,Fort Lauderdale,2018.0,0.0,0.0,0.0,0.0217882306127921
12011080402,Broward,True,False,0,0,5.417005984550718,Fort Lauderdale,2018.0,0.0,0.0,0.0,0.0
12115002203,Sarasota,False,True,0,1,112.90490024241194,Orlando,2023.0,0.0,0.0,0.0,0.0
12011040300,Broward,True,False,0,0,4.937939111521017,Fort Lauderdale,2018.0,0.0,0.0,0.0,0.0
12057000101,Hillsborough,False,True,0,1,71.71696882509208,Orlando,2023.0,0.0,0.0,0.0,0.0
12057010808,Hillsborough,False,True,0,1,72.16775994164777,Orlando,2023.0,0.0,0.0,0.0,0.0
12086000903,Other,False,False,0,0,5.283200873294546,MiamiCentral,2018.0,0.0,0.0,0.0,0.0
12086006501,Other,False,False,0,0,2.9840026496512384,MiamiCentral,2018.0,0.0,0.0,0.0,0.5191352462447902
12086005405,Other,False,False,0,0,2.2883340106656003,MiamiCentral,2018.0,0.0,0.0,0.0,0.9999999999999998
12086002201,Other,False,False,0,0,2.7171607936419133,MiamiCentral,2018.0,0.0,0.0,0.0,0.7940884455437706
12057010217,Hillsborough,False,True,0,1,64.09827422409577,Orlando,2023.0,0.0,0.0,0.0,0.0
12086000612,Other,False,False,0,0,7.372752848617048,MiamiCentral,2018.0,0.0,0.0,0.0,0.0
12086005506,Other,False,False,0,0,3.0302300339273724,MiamiCentral,2018.0,0.0,0.0,0.0,0.4411996272470096
12086005003,Other,False,False,0,0,3.3905906197045543,MiamiCentral,2018.0,0.0,0.0,0.0,0.0832808764518838
12086018003,Other,False,False,0,0,18.826551769417453,MiamiCentral,2018.0,0.0,0.0,0.0,0.0
12086010623,Other,False,False,0,0,16.768516649086745,MiamiCentral,2018.0,0.0,0.0,0.0,0.0
12086016402,Other,False,False,0,0,17.53098978212286,MiamiCentral,2018.0,0.0,0.0,0.0,0.0
12086010620,Other,False,False,0,0,17.159156625790583,MiamiCentral,2018.0,0.0,0.0,0.0,0.0
12086001007,Other,False,False,0,0,5.5696591814235825,MiamiCentral,2018.0,0.0,0.0,0.0,0.0
12086009401,Other,False,False,0,0,6.516458225842788,Aventura,2022.0,0.0,0.0,0.0,0.0
12071001922,Lee,False,True,0,1,115.39868088378881,Fort Lauderdale,2018.0,0.0,0.0,0.0,0.0
12071050325,Lee,False,True,0,1,96.62475597264049,Fort Lauderdale,2018.0,0.0,0.0,0.0,0.0
12071010206,Lee,False,True,0,1,118.65451427900777,West Palm Beach,2018.0,0.0,0.0,0.0,0.0
12095016743,Orange,True,False,0,0,12.30143171558675,Orlando,2023.0,0.0,0.0,0.0,0.0
12095016511,Orange,True,False,0,0,12.682670355125497,Orlando,2023.0,0.0,0.0,0.0,0.0
12099007918,Palm Beach,True,False,0,0,12.030098080130541,West Palm Beach,2018.0,0.0,0.0,0.0,0.0
12099005961,Palm Beach,True,False,0,0,10.798315145657535,West Palm Beach,2018.0,0.0,0.0,0.0,0.0
12031000800,Duval,False,True,0,1,132.88491807683582,Orlando,2023.0,0.0,0.0,0.0,0.0
12031013502,Duval,False,True,0,1,128.04273118577254,Orlando,2023.0,0.0,0.0,0.0,0.0
12057011715,Hillsborough,False,True,0,1,81.90995053752745,Orlando,2023.0,0.0,0.0,0.0,0.0
12011110349,Broward,True,False,0,0,8.923947526453851,Aventura,2022.0,0.0,0.0,0.0,0.0
12011070328,Broward,True,False,0,0,14.399462524026829,Fort Lauderdale,2018.0,0.0,0.0,0.0,0.0
12011060129,Broward,True,False,0,0,8.713557870808447,Fort Lauderdale,2018.0,0.0,0.0,0.0,0.0
12021010516,Collier,False,True,0,1,98.49729091760622,MiamiCentral,2018.0,0.0,0.0,0.0,0.0
12021010435,Collier,False,True,0,1,97.53219070104,Fort Lauderdale,2018.0,0.0,0.0,0.0,0.0
12057980700,Hillsborough,False,True,0,1,75.8429992395826,Orlando,2023.0,0.0,0.0,0.0,0.0
12057011519,Hillsborough,False,True,0,1,84.76266924676105,Orlando,2023.0,0.0,0.0,0.0,0.0
12011070320,Broward,True,False,0,0,16.236830084110498,Fort Lauderdale,2018.0,0.0,0.0,0.0,0.0
12011100104,Broward,True,False,0,0,2.244502050189479,Aventura,2022.0,0.0,0.0,0.057335555868164356,0.9426644441318659
12011060802,Broward,True,False,0,0,3.998066670819507,Fort Lauderdale,2018.0,0.0,0.0,0.0,0.0
12001002221,Alachua,False,True,0,1,107.04500365748815,Orlando,2023.0,0.0,0.0,0.0,0.0
12011110347,Broward,True,False,0,0,16.326062672198624,Aventura,2022.0,0.0,0.0,0.0,0.0
12011080105,Broward,True,False,0,0,5.331600555263931,Fort Lauderdale,2018.0,0.0,0.0,0.0,0.0
12011060404,Broward,True,False,0,0,4.009982162423025,Fort Lauderdale,2018.0,0.0,0.0,0.0,0.0
12031014422,Duval,False,True,0,1,127.92806274101457,Orlando,2023.0,0.0,0.0,0.0,0.0
12086000118,Other,False,False,0,0,2.3914067893826676,Aventura,2022.0,0.0,0.0,0.0,1.0
12011010406,Broward,True,False,0,0,5.987343827716347,Boca Raton,2022.0,0.0,0.0,0.0,0.0
12011040101,Broward,True,False,0,0,5.189858334496237,Fort Lauderdale,2018.0,0.0,0.0,0.0,0.0
12011050401,Broward,True,False,0,0,3.7551078763425294,Fort Lauderdale,2018.0,0.0,0.0,0.0,0.0
12086013700,Other,False,False,0,0,10.125217766755133,MiamiCentral,2018.0,0.0,0.0,0.0,0.0
12086002502,Other,False,False,0,0,2.2487919994476266,MiamiCentral,2018.0,0.0,0.0,0.21505240432765899,0.7849475956723493
12095017122,Orange,True,False,0,0,10.976131280620857,Orlando,2023.0,0.0,0.0,0.0,0.0
12086002710,Other,False,False,0,0,1.5843633701482593,MiamiCentral,2018.0,0.0,0.0577388706954201,0.8197990776179801,0.12246205168660435
12099002005,Palm Beach,True,False,0,0,1.9662069729006493,West Palm Beach,2018.0,0.0,0.0,0.5361092789249413,0.46389072107506163
12099007414,Palm Beach,True,False,0,0,4.536229161964275,Boca Raton,2022.0,0.0,0.0,0.0,0.011606439746865236
12099006010,Palm Beach,True,False,0,0,11.683884734246782,Boca Raton,2022.0,0.0,0.0,0.0,0.0
12099007202,Palm Beach,True,False,0,0,2.0378922089755087,Boca Raton,2022.0,0.0,0.00016489385239576296,0.4444155582606521,0.5554195478869588
12099007612,Palm Beach,True,False,0,0,3.096626948572029,Boca Raton,2022.0,0.0,0.0,0.0,0.4403929681655466
12001001519,Alachua,False,True,0,1,105.15775720042362,Orlando,2023.0,0.0,0.0,0.0,0.0
12086010302,Other,False,False,0,0,22.811899030365957,MiamiCentral,2018.0,0.0,0.0,0.0,0.0
12086006721,Other,False,False,0,0,1.1088249316256493,MiamiCentral,2018.0,0.0,0.009109029852429397,0.9908909701475785,0.0
12086000221,Other,False,False,0,0,2.10606857656283,Aventura,2022.0,0.0,0.0,0.21910198799487604,0.7808980120051233
12021010421,Collier,False,True,0,1,96.13612923038514,Fort Lauderdale,2018.0,0.0,0.0,0.0,0.0
12021010519,Collier,False,True,0,1,96.939912394646,Fort Lauderdale,2018.0,0.0,0.0,0.0,0.0
12086010023,Other,False,False,0,0,6.303094163977655,Aventura,2022.0,0.0,0.0,0.0,0.0
12086008704,Other,False,False,0,0,11.959499541235905,MiamiCentral,2018.0,0.0,0.0,0.0,0.0
12073001803,Leon,False,True,0,1,223.9498544319645,Orlando,2023.0,0.0,0.0,0.0,0.0
12086009060,Other,False,False,0,0,11.983871141043258,MiamiCentral,2018.0,0.0,0.0,0.0,0.0
12086014701,Other,False,False,0,0,12.39881651791221,MiamiCentral,2018.0,0.0,0.0,0.0,0.0
12086019902,Other,False,False,0,0,18.37886085108663,MiamiCentral,2018.0,0.0,0.0,0.0,0.0
12086019302,Other,False,False,0,0,16.029854275446265,MiamiCentral,2018.0,0.0,0.0,0.0,0.0
12073000905,Leon,False,True,0,1,224.5462923098383,Orlando,2023.0,0.0,0.0,0.0,0.0
12071040126,Lee,False,True,0,1,101.48445374610628,Boca Raton,2022.0,0.0,0.0,0.0,0.0
12031014417,Duval,False,True,0,1,126.65167206557251,Orlando,2023.0,0.0,0.0,0.0,0.0
12057011528,Hillsborough,False,True,0,1,83.62899592603303,Orlando,2023.0,0.0,0.0,0.0,0.0
12099990100,Palm Beach,True,False,0,0,45.24556236009472,West Palm Beach,2018.0,0.0,0.0,0.0,0.0
12115002710,Sarasota,False,True,0,1,110.42444486215966,Orlando,2023.0,0.0,0.0,0.0,0.0
12057004300,Hillsborough,False,True,0,1,77.4372312771943,Orlando,2023.0,0.0,0.0,0.0,0.0
12001001803,Alachua,False,True,0,1,110.76850522962495,Orlando,2023.0,0.0,0.0,0.0,0.0
12011050306,Broward,True,False,0,0,4.834587215832906,Fort Lauderdale,2018.0,0.0,0.0,0.0,0.0
12011070403,Broward,True,False,0,0,9.320205028949612,Fort Lauderdale,2018.0,0.0,0.0,0.0,0.0
12011010502,Broward,True,False,0,0,6.495682668403123,Boca Raton,2022.0,0.0,0.0,0.0,0.0
12099000216,Palm Beach,True,False,0,0,14.572197863721177,West Palm Beach,2018.0,0.0,0.0,0.0,0.0
12057006000,Hillsborough,False,True,0,1,79.55352363182506,Orlando,2023.0,0.0,0.0,0.0,0.0
12057000401,Hillsborough,False,True,0,1,74.43222396731821,Orlando,2023.0,0.0,0.0,0.0,0.0
12057004200,Hillsborough,False,True,0,1,76.98367292377736,Orlando,2023.0,0.0,0.0,0.0,0.0
12086005901,Other,False,False,0,0,6.382969411041037,MiamiCentral,2018.0,0.0,0.0,0.0,0.0
12086008906,Other,False,False,0,0,10.41719636336259,MiamiCentral,2018.0,0.0,0.0,0.0,0.0
12086009014,Other,False,False,0,0,8.286354110389418,MiamiCentral,2018.0,0.0,0.0,0.0,0.0
12086001802,Other,False,False,0,0,3.3411769014532955,MiamiCentral,2018.0,0.0,0.0,0.0,0.05207104283641587
12086003916,Other,False,False,0,0,6.137951938241575,MiamiCentral,2018.0,0.0,0.0,0.0,0.0
12086000601,Other,False,False,0,0,8.1966989321406,MiamiCentral,2018.0,0.0,0.0,0.0,0.0
12086000219,Other,False,False,0,0,5.062283174754462,Aventura,2022.0,0.0,0.0,0.0,0.0
12031016801,Duval,False,True,0,1,123.38210567106741,Orlando,2023.0,0.0,0.0,0.0,0.0
12031013100,Duval,False,True,0,1,128.7272915434833,Orlando,2023.0,0.0,0.0,0.0,0.0
12095017703,Orange,True,False,0,0,22.024602658815464,Orlando,2023.0,0.0,0.0,0.0,0.0
12095016001,Orange,True,False,0,0,13.03223330237532,Orlando,2023.0,0.0,0.0,0.0,0.0
12071010802,Lee,False,True,0,1,115.6488427184252,Fort Lauderdale,2018.0,0.0,0.0,0.0,0.0
12071001501,Lee,False,True,0,1,112.21625677325542,Fort Lauderdale,2018.0,0.0,0.0,0.0,0.0
12086009101,Other,False,False,0,0,7.58295114820302,MiamiCentral,2018.0,0.0,0.0,0.0,0.0
12086981300,Other,False,False,0,0,18.266119443487177,MiamiCentral,2018.0,0.0,0.0,0.0,0.0
12086018001,Other,False,False,0,0,17.64709846969682,MiamiCentral,2018.0,0.0,0.0,0.0,0.0
12086016501,Other,False,False,0,0,16.679230398183307,MiamiCentral,2018.0,0.0,0.0,0.0,0.0
12086011602,Other,False,False,0,0,9.565350340391431,Aventura,2022.0,0.0,0.0,0.0,0.0
12086000713,Other,False,False,0,0,9.245439227828914,MiamiCentral,2018.0,0.0,0.0,0.0,0.0
12071020502,Lee,False,True,0,1,111.9966054567746,West Palm Beach,2018.0,0.0,0.0,0.0,0.0
12011042602,Broward,True,False,1,0,0.6892385520736336,Fort Lauderdale,2018.0,0.16335824045299768,0.7691595959185709,0.0674821636284221,0.0
12073001102,Leon,False,True,0,1,226.3408217661017,Orlando,2023.0,0.0,0.0,0.0,0.0
12057002100,Hillsborough,False,True,0,1,75.2574237552352,Orlando,2023.0,0.0,0.0,0.0,0.0
12057011003,Hillsborough,False,True,0,1,72.43786190228546,Orlando,2023.0,0.0,0.0,0.0,0.0
12086006104,Other,False,False,0,0,5.748785936918181,MiamiCentral,2018.0,0.0,0.0,0.0,0.0
12086013302,Other,False,False,0,0,11.856038741953844,MiamiCentral,2018.0,0.0,0.0,0.0,0.0
12086018602,Other,False,False,0,0,15.977007662734833,MiamiCentral,2018.0,0.0,0.0,0.0,0.0
12086009602,Other,False,False,0,0,3.1411204608294256,Aventura,2022.0,0.0,0.0,0.0,0.34727570048058876
12011100600,Broward,True,False,0,0,2.585137868813171,Aventura,2022.0,0.0,0.0,0.003209798044141472,0.9267536954560294
12086014900,Other,False,False,0,0,13.632530571885098,MiamiCentral,2018.0,0.0,0.0,0.0,0.0
12021010419,Collier,False,True,0,1,97.34200590379446,Fort Lauderdale,2018.0,0.0,0.0,0.0,0.0
12021010508,Collier,False,True,0,1,98.49022655786592,Fort Lauderdale,2018.0,0.0,0.0,0.0,0.0
12086010015,Other,False,False,0,0,8.622141486268408,Aventura,2022.0,0.0,0.0,0.0,0.0
12086980800,Other,False,False,0,0,8.703380162804738,Aventura,2022.0,0.0,0.0,0.0,0.0
12086011009,Other,False,False,0,0,24.906369813384416,MiamiCentral,2018.0,0.0,0.0,0.0,0.0
12011070402,Broward,True,False,0,0,10.070216927158121,Fort Lauderdale,2018.0,0.0,0.0,0.0,0.0
12011060209,Broward,True,False,0,0,6.37209267656406,Fort Lauderdale,2018.0,0.0,0.0,0.0,0.0
12071040211,Lee,False,True,0,1,96.11435151605603,Boca Raton,2022.0,0.0,0.0,0.0,0.0
12095016740,Orange,True,False,0,0,11.463337295346841,Orlando,2023.0,0.0,0.0,0.0,0.0
12071001911,Lee,False,True,0,1,115.44445625988294,Fort Lauderdale,2018.0,0.0,0.0,0.0,0.0
12095018000,Orange,True,False,0,0,14.487184789498816,Orlando,2023.0,0.0,0.0,0.0,0.0
12031014001,Duval,False,True,0,1,131.50282139112613,Orlando,2023.0,0.0,0.0,0.0,0.0
12021010520,Collier,False,True,0,1,97.57733042021539,Fort Lauderdale,2018.0,0.0,0.0,0.0,0.0
12095017402,Orange,True,False,0,0,18.820696839445095,Orlando,2023.0,0.0,0.0,0.0,0.0
12099005820,Palm Beach,True,False,0,0,10.494637228881848,West Palm Beach,2018.0,0.0,0.0,0.0,0.0
12115002510,Sarasota,False,True,0,1,114.51367204974947,Orlando,2023.0,0.0,0.0,0.0,0.0
12057010809,Hillsborough,False,True,0,1,70.60314239451884,Orlando,2023.0,0.0,0.0,0.0,0.0
12057012103,Hillsborough,False,True,0,1,69.58862165472462,Orlando,2023.0,0.0,0.0,0.0,0.0
12011110337,Broward,True,False,0,0,9.160755257431388,Aventura,2022.0,0.0,0.0,0.0,0.0
12011060609,Broward,True,False,0,0,8.018701550153093,Fort Lauderdale,2018.0,0.0,0.0,0.0,0.0
12011060607,Broward,True,False,0,0,6.2280626363507725,Fort Lauderdale,2018.0,0.0,0.0,0.0,0.0
12099004705,Palm Beach,True,False,0,0,7.634203049046161,West Palm Beach,2018.0,0.0,0.0,0.0,0.0
12099007716,Palm Beach,True,False,0,0,6.94146217198334,Boca Raton,2022.0,0.0,0.0,0.0,0.0
12099005953,Palm Beach,True,False,0,0,10.383081464872394,Boca Raton,2022.0,0.0,0.0,0.0,0.0
12099006908,Palm Beach,True,False,0,0,6.298499116647874,Boca Raton,2022.0,0.0,0.0,0.0,0.0
12001001811,Alachua,False,True,0,1,111.6384251857151,Orlando,2023.0,0.0,0.0,0.0,0.0
12057011806,Hillsborough,False,True,0,1,78.0663535692528,Orlando,2023.0,0.0,0.0,0.0,0.0
12057010822,Hillsborough,False,True,0,1,73.29583641579117,Orlando,2023.0,0.0,0.0,0.0,0.0
12031016606,Duval,False,True,0,1,128.3978682609077,Orlando,2023.0,0.0,0.0,0.0,0.0
12031014418,Duval,False,True,0,1,125.74492326274562,Orlando,2023.0,0.0,0.0,0.0,0.0
12099007777,Palm Beach,True,False,0,0,8.774276818222798,Boca Raton,2022.0,0.0,0.0,0.0,0.0
12001001818,Alachua,False,True,0,1,122.8760889710337,Orlando,2023.0,0.0,0.0,0.0,0.0
12031016500,Duval,False,True,0,1,127.69097896323123,Orlando,2023.0,0.0,0.0,0.0,0.0
12031013522,Duval,False,True,0,1,127.28559431121646,Orlando,2023.0,0.0,0.0,0.0,0.0
12071010701,Lee,False,True,0,1,114.79549460688133,Fort Lauderdale,2018.0,0.0,0.0,0.0,0.0
12099000222,Palm Beach,True,False,0,0,15.037094514181437,West Palm Beach,2018.0,0.0,0.0,0.0,0.0
12099005818,Palm Beach,True,False,0,0,11.671362095447412,West Palm Beach,2018.0,0.0,0.0,0.0,0.0
12095012701,Orange,True,False,0,0,12.015657026118504,Orlando,2023.0,0.0,0.0,0.0,0.0
12011060105,Broward,True,False,0,0,8.094527289698117,Fort Lauderdale,2018.0,0.0,0.0,0.0,0.0
12011060207,Broward,True,False,0,0,6.918564792521932,Fort Lauderdale,2018.0,0.0,0.0,0.0,0.0
12021010422,Collier,False,True,0,1,96.23099029286895,Fort Lauderdale,2018.0,0.0,0.0,0.0,0.0
12057011611,Hillsborough,False,True,0,1,79.83945979699502,Orlando,2023.0,0.0,0.0,0.0,0.0
12057012303,Hillsborough,False,True,0,1,67.37322268481567,Orlando,2023.0,0.0,0.0,0.0,0.0
12086005409,Other,False,False,0,0,2.0331405262341833,MiamiCentral,2018.0,0.0,0.0,0.42759033677111746,0.5724096632288728
12086009904,Other,False,False,0,0,5.617746024655019,Aventura,2022.0,0.0,0.0,0.0,0.0
12086000402,Other,False,False,0,0,6.130382942816852,Aventura,2022.0,0.0,0.0,0.0,0.0
12095013803,Orange,True,False,0,0,6.593094971266212,Orlando,2023.0,0.0,0.0,0.0,0.0
12071001103,Lee,False,True,0,1,111.17256926901662,Boca Raton,2022.0,0.0,0.0,0.0,0.0
12086006719,Other,False,False,0,0,1.0265100350447716,MiamiCentral,2018.0,0.0,0.35873468324885827,0.6412653167511,0.0
12095017023,Orange,True,False,0,0,11.73502536210144,Orlando,2023.0,0.0,0.0,0.0,0.0
12031011200,Duval,False,True,0,1,138.47845035518864,Orlando,2023.0,0.0,0.0,0.0,0.0
12115001102,Sarasota,False,True,0,1,103.34142507383271,Orlando,2023.0,0.0,0.0,0.0,0.0
12073002403,Leon,False,True,0,1,227.05063902963744,Orlando,2023.0,0.0,0.0,0.0,0.0
12071050603,Lee,False,True,0,1,103.15332766108759,Fort Lauderdale,2018.0,0.0,0.0,0.0,0.0
12071010419,Lee,False,True,0,1,119.67518285564863,Boca Raton,2022.0,0.0,0.0,0.0,0.0
12071000303,Lee,False,True,0,1,109.648181028354,West Palm Beach,2018.0,0.0,0.0,0.0,0.0
12086004608,Other,False,False,0,0,6.625871178253317,MiamiCentral,2018.0,0.0,0.0,0.0,0.0
12057014200,Hillsborough,False,True,0,1,75.9613603103428,Orlando,2023.0,0.0,0.0,0.0,0.0
12086006722,Other,False,False,0,0,1.144716754186014,MiamiCentral,2018.0,0.0,0.0,0.9999999999999999,0.0
12021010427,Collier,False,True,0,1,95.1724040837341,Fort Lauderdale,2018.0,0.0,0.0,0.0,0.0
12095014503,Orange,True,False,0,0,8.843031483059484,Orlando,2023.0,0.0,0.0,0.0,0.0
12031016808,Duval,False,True,0,1,122.81729353027158,Orlando,2023.0,0.0,0.0,0.0,0.0
12011110301,Broward,True,False,0,0,17.75909961979888,Aventura,2022.0,0.0,0.0,0.0,0.0
12031011300,Duval,False,True,0,1,138.62644730566626,Orlando,2023.0,0.0,0.0,0.0,0.0
12086006103,Other,False,False,0,0,5.288500531545831,MiamiCentral,2018.0,0.0,0.0,0.0,0.0
12011050501,Broward,True,False,0,0,4.232697082156079,Fort Lauderdale,2018.0,0.0,0.0,0.0,0.0
12099004008,Palm Beach,True,False,0,0,5.782154849579447,West Palm Beach,2018.0,0.0,0.0,0.0,0.0
12099007738,Palm Beach,True,False,0,0,5.810273170719265,Boca Raton,2022.0,0.0,0.0,0.0,0.0
12001000808,Alachua,False,True,0,1,104.25043352523693,Orlando,2023.0,0.0,0.0,0.0,0.0
12071010302,Lee,False,True,0,1,115.49979136032292,West Palm Beach,2018.0,0.0,0.0,0.0,0.0
12011060107,Broward,True,False,0,0,6.567529973279335,Fort Lauderdale,2018.0,0.0,0.0,0.0,0.0
12071040313,Lee,False,True,0,1,94.95234973248996,Boca Raton,2022.0,0.0,0.0,0.0,0.0
12086006003,Other,False,False,0,0,7.103750062246147,MiamiCentral,2018.0,0.0,0.0,0.0,0.0
12086011011,Other,False,False,0,0,26.1244138154526,MiamiCentral,2018.0,0.0,0.0,0.0,0.0
12086011014,Other,False,False,0,0,26.510875654671302,MiamiCentral,2018.0,0.0,0.0,0.0,0.0
12086009505,Other,False,False,0,0,4.194963765338429,Aventura,2022.0,0.0,0.0,0.0,0.0
12086008805,Other,False,False,0,0,9.371565360277993,MiamiCentral,2018.0,0.0,0.0,0.0,0.0
12057013501,Hillsborough,False,True,0,1,74.43199348919978,Orlando,2023.0,0.0,0.0,0.0,0.0
12086007300,Other,False,False,0,0,5.570404494059225,MiamiCentral,2018.0,0.0,0.0,0.0,0.0
12086010709,Other,False,False,0,0,20.442714897833465,MiamiCentral,2018.0,0.0,0.0,0.0,0.0
12095012402,Orange,True,False,0,0,14.925468717864787,Orlando,2023.0,0.0,0.0,0.0,0.0
12031014312,Duval,False,True,0,1,130.450028341025,Orlando,2023.0,0.0,0.0,0.0,0.0
12071010111,Lee,False,True,0,1,120.82614049273651,West Palm Beach,2018.0,0.0,0.0,0.0,0.0
12071001916,Lee,False,True,0,1,113.69109455481413,Fort Lauderdale,2018.0,0.0,0.0,0.0,0.0
12057005000,Hillsborough,False,True,0,1,77.61355977197405,Orlando,2023.0,0.0,0.0,0.0,0.0
12095016808,Orange,True,False,0,0,5.07061812308595,Orlando,2023.0,0.0,0.0,0.0,0.0
12095013513,Orange,True,False,0,0,6.440278580424576,Orlando,2023.0,0.0,0.0,0.0,0.0
12057010824,Hillsborough,False,True,0,1,71.56186527270448,Orlando,2023.0,0.0,0.0,0.0,0.0
12011091000,Broward,True,False,0,0,4.442388406840853,Aventura,2022.0,0.0,0.0,0.0,0.0
12086001901,Other,False,False,0,0,3.8715445015699417,MiamiCentral,2018.0,0.0,0.0,0.0,0.0
12099004206,Palm Beach,True,False,0,0,5.346075261484473,West Palm Beach,2018.0,0.0,0.0,0.0,0.0
12095016911,Orange,True,False,0,0,9.314762870608229,Orlando,2023.0,0.0,0.0,0.0,0.0
12095016814,Orange,True,False,0,0,5.65068214175746,Orlando,2023.0,0.0,0.0,0.0,0.0
12031016002,Duval,False,True,0,1,129.00557360520082,Orlando,2023.0,0.0,0.0,0.0,0.0
12086018400,Other,False,False,0,0,17.434167486786123,MiamiCentral,2018.0,0.0,0.0,0.0,0.0
12099004012,Palm Beach,True,False,0,0,7.210169035995816,West Palm Beach,2018.0,0.0,0.0,0.0,0.0
12099007301,Palm Beach,True,False,0,0,3.8779322186781577,Boca Raton,2022.0,0.0,0.0,0.0,0.026864428584370336
12031011000,Duval,False,True,0,1,139.6329836444817,Orlando,2023.0,0.0,0.0,0.0,0.0
12001000806,Alachua,False,True,0,1,104.94036185200463,Orlando,2023.0,0.0,0.0,0.0,0.0
12071001913,Lee,False,True,0,1,114.62948704113866,Fort Lauderdale,2018.0,0.0,0.0,0.0,0.0
12095013607,Orange,True,False,0,0,5.33863005604905,Orlando,2023.0,0.0,0.0,0.0,0.0
12095015003,Orange,True,False,0,0,17.804082385206225,Orlando,2023.0,0.0,0.0,0.0,0.0
12031014426,Duval,False,True,0,1,124.9122184831224,Orlando,2023.0,0.0,0.0,0.0,0.0
12057010210,Hillsborough,False,True,0,1,63.16312807962628,Orlando,2023.0,0.0,0.0,0.0,0.0
12057014010,Hillsborough,False,True,0,1,79.60084624281706,Orlando,2023.0,0.0,0.0,0.0,0.0
12099980500,Palm Beach,True,False,0,0,2.9434136468251846,West Palm Beach,2018.0,0.0,0.0,0.015251322004937173,0.4935802324602117
12011090503,Broward,True,False,0,0,6.332016591178225,Aventura,2022.0,0.0,0.0,0.0,0.0
12011020211,Broward,True,False,0,0,9.003425536838712,Fort Lauderdale,2018.0,0.0,0.0,0.0,0.0
12011110368,Broward,True,False,0,0,16.321246420755084,Aventura,2022.0,0.0,0.0,0.0,0.0
12011090303,Broward,True,False,0,0,4.666539501897595,Aventura,2022.0,0.0,0.0,0.0,0.0
12071001101,Lee,False,True,0,1,111.3797505959099,Boca Raton,2022.0,0.0,0.0,0.0,0.0
12011050309,Broward,True,False,0,0,6.027927515904731,Fort Lauderdale,2018.0,0.0,0.0,0.0,0.0
12011090404,Broward,True,False,0,0,4.662984878932291,Aventura,2022.0,0.0,0.0,0.0,0.0
12011040701,Broward,True,False,0,0,2.1647377965032146,Fort Lauderdale,2018.0,0.0,0.0,0.2718857939699679,0.7281142060300378
12031016001,Duval,False,True,0,1,130.06309119859262,Orlando,2023.0,0.0,0.0,0.0,0.0
12086008202,Other,False,False,0,0,13.837718151765126,MiamiCentral,2018.0,0.0,0.0,0.0,0.0
12011010104,Broward,True,False,0,0,2.7883874610195156,Boca Raton,2022.0,0.0,0.0,0.0,0.7252324557250446
12011040203,Broward,True,False,0,0,5.4682523502675044,Fort Lauderdale,2018.0,0.0,0.0,0.0,0.0
12086000124,Other,False,False,0,0,4.573667538426986,Aventura,2022.0,0.0,0.0,0.0,0.0
12086015400,Other,False,False,0,0,13.66514486941075,MiamiCentral,2018.0,0.0,0.0,0.0,0.0
12099001600,Palm Beach,True,False,0,0,3.1710752123603205,West Palm Beach,2018.0,0.0,0.0,0.0,0.2538422330839652
12099007830,Palm Beach,True,False,0,0,9.678937148636653,West Palm Beach,2018.0,0.0,0.0,0.0,0.0
12099005951,Palm Beach,True,False,0,0,12.096706379288037,Boca Raton,2022.0,0.0,0.0,0.0,0.0
12099006203,Palm Beach,True,False,0,0,10.956663303574683,Boca Raton,2022.0,0.0,0.0,0.0,0.0
12099006802,Palm Beach,True,False,0,0,6.990868378736877,Boca Raton,2022.0,0.0,0.0,0.0,0.0
12021010806,Collier,False,True,0,1,96.54554097045842,MiamiCentral,2018.0,0.0,0.0,0.0,0.0
12021010436,Collier,False,True,0,1,96.57423739834152,Fort Lauderdale,2018.0,0.0,0.0,0.0,0.0
12021010514,Collier,False,True,0,1,98.20135482454478,Fort Lauderdale,2018.0,0.0,0.0,0.0,0.0
12071040124,Lee,False,True,0,1,103.4486125721505,Boca Raton,2022.0,0.0,0.0,0.0,0.0
12099007603,Palm Beach,True,False,0,0,1.3572072691326387,Boca Raton,2022.0,0.0,0.2350284859269016,0.7206068043442821,0.044364709728820076
12099007741,Palm Beach,True,False,0,0,5.6662930617353355,Boca Raton,2022.0,0.0,0.0,0.0,0.0
12001001515,Alachua,False,True,0,1,105.27126695118838,Orlando,2023.0,0.0,0.0,0.0,0.0
12057012213,Hillsborough,False,True,0,1,68.90194055879971,Orlando,2023.0,0.0,0.0,0.0,0.0
12086011003,Other,False,False,0,0,25.46504074971817,MiamiCentral,2018.0,0.0,0.0,0.0,0.0
12086004102,Other,False,False,0,0,2.582780698198513,MiamiCentral,2018.0,0.0,0.0,0.07777810077989349,0.6879426753992701
12086000411,Other,False,False,0,0,6.6190101855045835,MiamiCentral,2018.0,0.0,0.0,0.0,0.0
12095015901,Orange,True,False,0,0,13.23154311438752,Orlando,2023.0,0.0,0.0,0.0,0.0
12073001002,Leon,False,True,0,1,225.5314092607146,Orlando,2023.0,0.0,0.0,0.0,0.0
12073001300,Leon,False,True,0,1,228.2059137012806,Orlando,2023.0,0.0,0.0,0.0,0.0
12073002302,Leon,False,True,0,1,234.8331551856236,Orlando,2023.0,0.0,0.0,0.0,0.0
12073002101,Leon,False,True,0,1,230.6476991314068,Orlando,2023.0,0.0,0.0,0.0,0.0
12073002505,Leon,False,True,0,1,224.88210001726077,Orlando,2023.0,0.0,0.0,0.0,0.0
12071001206,Lee,False,True,0,1,109.35547771342577,Fort Lauderdale,2018.0,0.0,0.0,0.0,0.0
12086018801,Other,False,False,0,0,16.11427648434164,MiamiCentral,2018.0,0.0,0.0,0.0,0.0
12086007609,Other,False,False,0,0,8.855054889061801,MiamiCentral,2018.0,0.0,0.0,0.0,0.0
12086000420,Other,False,False,0,0,6.998504525049496,Aventura,2022.0,0.0,0.0,0.0,0.0
12086008426,Other,False,False,0,0,14.22229528071103,MiamiCentral,2018.0,0.0,0.0,0.0,0.0
12031016803,Duval,False,True,0,1,121.07703988401082,Orlando,2023.0,0.0,0.0,0.0,0.0
12031013723,Duval,False,True,0,1,128.55458224284516,Orlando,2023.0,0.0,0.0,0.0,0.0
12031001500,Duval,False,True,0,1,135.91937134633383,Orlando,2023.0,0.0,0.0,0.0,0.0
12031002901,Duval,False,True,0,1,136.32065325737184,Orlando,2023.0,0.0,0.0,0.0,0.0
12031002600,Duval,False,True,0,1,134.18928964581235,Orlando,2023.0,0.0,0.0,0.0,0.0
12031010700,Duval,False,True,0,1,139.34476046686274,Orlando,2023.0,0.0,0.0,0.0,0.0
12031013504,Duval,False,True,0,1,129.4064045491721,Orlando,2023.0,0.0,0.0,0.0,0.0
12031014328,Duval,False,True,0,1,133.6315009491083,Orlando,2023.0,0.0,0.0,0.0,0.0
12031012900,Duval,False,True,0,1,130.16522607203254,Orlando,2023.0,0.0,0.0,0.0,0.0
12031015001,Duval,False,True,0,1,134.25793925932481,Orlando,2023.0,0.0,0.0,0.0,0.0
12031015200,Duval,False,True,0,1,134.6315843389759,Orlando,2023.0,0.0,0.0,0.0,0.0
12031016200,Duval,False,True,0,1,130.13735799548323,Orlando,2023.0,0.0,0.0,0.0,0.0
12095010202,Orange,True,False,0,0,9.793511506330796,Orlando,2023.0,0.0,0.0,0.0,0.0
12086011900,Other,False,False,0,0,10.549729662783903,Aventura,2022.0,0.0,0.0,0.0,0.0
12086000107,Other,False,False,0,0,2.6058269652090535,Aventura,2022.0,0.0,0.0,0.0,1.0
12001001400,Alachua,False,True,0,1,103.40078909091346,Orlando,2023.0,0.0,0.0,0.0,0.0
12001001100,Alachua,False,True,0,1,108.19868559609793,Orlando,2023.0,0.0,0.0,0.0,0.0
12001002201,Alachua,False,True,0,1,115.9053742231587,Orlando,2023.0,0.0,0.0,0.0,0.0
12001002209,Alachua,False,True,0,1,104.02216433434926,Orlando,2023.0,0.0,0.0,0.0,0.0
12071050106,Lee,False,True,0,1,109.17058526539765,Fort Lauderdale,2018.0,0.0,0.0,0.0,0.0
12071050104,Lee,False,True,0,1,107.96862333654651,Fort Lauderdale,2018.0,0.0,0.0,0.0,0.0
12071010601,Lee,False,True,0,1,116.10307539029405,Fort Lauderdale,2018.0,0.0,0.0,0.0,0.0
12071060300,Lee,False,True,0,1,107.78044837972246,Fort Lauderdale,2018.0,0.0,0.0,0.0,0.0
12071000504,Lee,False,True,0,1,108.38949473070122,West Palm Beach,2018.0,0.0,0.0,0.0,0.0
12071000800,Lee,False,True,0,1,112.94696521036347,Boca Raton,2022.0,0.0,0.0,0.0,0.0
12071001705,Lee,False,True,0,1,111.80888897210929,Fort Lauderdale,2018.0,0.0,0.0,0.0,0.0
12071030202,Lee,False,True,0,1,104.92544677665593,West Palm Beach,2018.0,0.0,0.0,0.0,0.0
12071040303,Lee,False,True,0,1,99.16261985842843,Boca Raton,2022.0,0.0,0.0,0.0,0.0
12071040304,Lee,False,True,0,1,98.51359309775118,Boca Raton,2022.0,0.0,0.0,0.0,0.0
12071020400,Lee,False,True,0,1,109.46970466766506,West Palm Beach,2018.0,0.0,0.0,0.0,0.0
12071020102,Lee,False,True,0,1,113.20814358181856,West Palm Beach,2018.0,0.0,0.0,0.0,0.0
12071080100,Lee,False,True,0,1,132.82941258246575,Fort Lauderdale,2018.0,0.0,0.0,0.0,0.0
12057004100,Hillsborough,False,True,0,1,76.5197453005217,Orlando,2023.0,0.0,0.0,0.0,0.0
12057002000,Hillsborough,False,True,0,1,74.79774455551464,Orlando,2023.0,0.0,0.0,0.0,0.0
12057003400,Hillsborough,False,True,0,1,74.40262943145044,Orlando,2023.0,0.0,0.0,0.0,0.0
12057001002,Hillsborough,False,True,0,1,73.16993867580808,Orlando,2023.0,0.0,0.0,0.0,0.0
12057005302,Hillsborough,False,True,0,1,76.03145987909042,Orlando,2023.0,0.0,0.0,0.0,0.0
12057005700,Hillsborough,False,True,0,1,79.31113150032652,Orlando,2023.0,0.0,0.0,0.0,0.0
12057007001,Hillsborough,False,True,0,1,81.90585398048667,Orlando,2023.0,0.0,0.0,0.0,0.0
12057014002,Hillsborough,False,True,0,1,87.49634657017235,Orlando,2023.0,0.0,0.0,0.0,0.0
12057010108,Hillsborough,False,True,0,1,52.24415100647813,Orlando,2023.0,0.0,0.0,0.0,0.0
12057012208,Hillsborough,False,True,0,1,65.95209767133898,Orlando,2023.0,0.0,0.0,0.0,0.0
12057011415,Hillsborough,False,True,0,1,79.13554306505982,Orlando,2023.0,0.0,0.0,0.0,0.0
12057012900,Hillsborough,False,True,0,1,56.436847371991995,Orlando,2023.0,0.0,0.0,0.0,0.0
12057011407,Hillsborough,False,True,0,1,76.90379630263837,Orlando,2023.0,0.0,0.0,0.0,0.0
12057010805,Hillsborough,False,True,0,1,73.5278779423061,Orlando,2023.0,0.0,0.0,0.0,0.0
12057013503,Hillsborough,False,True,0,1,72.54100912522036,Orlando,2023.0,0.0,0.0,0.0,0.0
12057004400,Hillsborough,False,True,0,1,77.89684931640623,Orlando,2023.0,0.0,0.0,0.0,0.0
12057013912,Hillsborough,False,True,0,1,71.93644052387606,Orlando,2023.0,0.0,0.0,0.0,0.0
12057012701,Hillsborough,False,True,0,1,58.20098931914776,Orlando,2023.0,0.0,0.0,0.0,0.0
12057010105,Hillsborough,False,True,0,1,60.69827480701243,Orlando,2023.0,0.0,0.0,0.0,0.0
12057012207,Hillsborough,False,True,0,1,65.99378092104955,Orlando,2023.0,0.0,0.0,0.0,0.0
12057013312,Hillsborough,False,True,0,1,66.95043327438594,Orlando,2023.0,0.0,0.0,0.0,0.0
12057012402,Hillsborough,False,True,0,1,62.48151635966466,Orlando,2023.0,0.0,0.0,0.0,0.0
12057013203,Hillsborough,False,True,0,1,66.01647238293951,Orlando,2023.0,0.0,0.0,0.0,0.0
12057013407,Hillsborough,False,True,0,1,69.72025533698374,Orlando,2023.0,0.0,0.0,0.0,0.0
12086014800,Other,False,False,0,0,13.135399286913522,MiamiCentral,2018.0,0.0,0.0,0.0,0.0
12086005902,Other,False,False,0,0,7.390683390765407,MiamiCentral,2018.0,0.0,0.0,0.0,0.0
12086017200,Other,False,False,0,0,14.328590895184934,MiamiCentral,2018.0,0.0,0.0,0.0,0.0
12086012200,Other,False,False,0,0,11.668543651701047,Aventura,2022.0,0.0,0.0,0.0,0.0
12086001701,Other,False,False,0,0,4.572451855955418,MiamiCentral,2018.0,0.0,0.0,0.0,0.0
12086004701,Other,False,False,0,0,7.133733996849425,MiamiCentral,2018.0,0.0,0.0,0.0,0.0
12086005701,Other,False,False,0,0,6.278567690228536,MiamiCentral,2018.0,0.0,0.0,0.0,0.0
12086001603,Other,False,False,0,0,5.394705973542553,MiamiCentral,2018.0,0.0,0.0,0.0,0.0
12086005103,Other,False,False,0,0,2.471555452128325,MiamiCentral,2018.0,0.0,0.0,0.0,1.0
12086002402,Other,False,False,0,0,2.576528275413904,MiamiCentral,2018.0,0.0,0.0,0.0,0.9485964852157811
12086006401,Other,False,False,0,0,2.729890918412966,MiamiCentral,2018.0,0.0,0.0,0.0,0.9734516757832029
12086003001,Other,False,False,0,0,1.0859376749970926,MiamiCentral,2018.0,0.0,0.30591143975432744,0.6940885602456762,0.0
12086003400,Other,False,False,0,0,0.41804426061217315,MiamiCentral,2018.0,0.611104682949959,0.3888953170500466,0.0,0.0
12086010900,Other,False,False,0,0,24.723126714921573,MiamiCentral,2018.0,0.0,0.0,0.0,0.0
12086008806,Other,False,False,0,0,9.851727864473558,MiamiCentral,2018.0,0.0,0.0,0.0,0.0
12086005403,Other,False,False,0,0,2.620203828965744,MiamiCentral,2018.0,0.0,0.0,0.0,1.0
12086007200,Other,False,False,0,0,5.133869375111585,MiamiCentral,2018.0,0.0,0.0,0.0,0.0
12086007104,Other,False,False,0,0,4.194001381054672,MiamiCentral,2018.0,0.0,0.0,0.0,0.0
12086009200,Other,False,False,0,0,9.140334535339123,MiamiCentral,2018.0,0.0,0.0,0.0,0.0
12086008305,Other,False,False,0,0,13.772717031683502,MiamiCentral,2018.0,0.0,0.0,0.0,0.0
12086007901,Other,False,False,0,0,6.879049482097885,MiamiCentral,2018.0,0.0,0.0,0.0,0.0
12086001904,Other,False,False,0,0,3.2739860063248,MiamiCentral,2018.0,0.0,0.0,0.0,0.010225543326487415
12086004602,Other,False,False,0,0,6.879213093809044,MiamiCentral,2018.0,0.0,0.0,0.0,0.0
12086003914,Other,False,False,0,0,6.774270090563367,MiamiCentral,2018.0,0.0,0.0,0.0,0.0
12086003906,Other,False,False,0,0,5.258563733431622,MiamiCentral,2018.0,0.0,0.0,0.0,0.0
12086002600,Other,False,False,0,0,1.9165593895191655,MiamiCentral,2018.0,0.0,0.0,0.6072492350358,0.39275076496421285
12086001102,Other,False,False,0,0,6.573508625087258,MiamiCentral,2018.0,0.0,0.0,0.0,0.0
12086000602,Other,False,False,0,0,8.652242125167128,MiamiCentral,2018.0,0.0,0.0,0.0,0.0
12086000408,Other,False,False,0,0,6.096077928944899,MiamiCentral,2018.0,0.0,0.0,0.0,0.0
12086000220,Other,False,False,0,0,4.588931602504059,Aventura,2022.0,0.0,0.0,0.0,0.0
12011041700,Broward,True,False,1,0,0.957437186078921,Fort Lauderdale,2018.0,0.03664955822089569,0.42103872631466494,0.5423117154644423,0.0
12011043100,Broward,True,False,0,0,2.643711460862097,Fort Lauderdale,2018.0,0.0,0.0,0.014689766785296451,0.8117878371231783
12011060203,Broward,True,False,0,0,5.429077736878109,Fort Lauderdale,2018.0,0.0,0.0,0.0,0.0
12011070205,Broward,True,False,0,0,10.214633613362102,Fort Lauderdale,2018.0,0.0,0.0,0.0,0.0
12011070401,Broward,True,False,0,0,10.895560916362912,Fort Lauderdale,2018.0,0.0,0.0,0.0,0.0
12011020315,Broward,True,False,0,0,10.66945152837374,Fort Lauderdale,2018.0,0.0,0.0,0.0,0.0
12011030902,Broward,True,False,0,0,6.83003532098838,Fort Lauderdale,2018.0,0.0,0.0,0.0,0.0
12011100400,Broward,True,False,0,0,2.292949625620268,Aventura,2022.0,0.0,0.0,0.09085716240397294,0.9091428375960269
12011050204,Broward,True,False,0,0,5.990083051704767,Fort Lauderdale,2018.0,0.0,0.0,0.0,0.0
12011090700,Broward,True,False,0,0,7.03044476333131,Aventura,2022.0,0.0,0.0,0.0,0.0
12011090900,Broward,True,False,0,0,4.89140765582748,Aventura,2022.0,0.0,0.0,0.0,0.0
12011110311,Broward,True,False,0,0,8.652571281557307,Aventura,2022.0,0.0,0.0,0.0,0.0
12011091400,Broward,True,False,0,0,4.778363740644835,Aventura,2022.0,0.0,0.0,0.0,0.0
12011060206,Broward,True,False,0,0,7.58216222894012,Fort Lauderdale,2018.0,0.0,0.0,0.0,0.0
12011060303,Broward,True,False,0,0,5.326163532241767,Fort Lauderdale,2018.0,0.0,0.0,0.0,0.0
12011091500,Broward,True,False,0,0,4.799505242827877,Aventura,2022.0,0.0,0.0,0.0,0.0
12011061001,Broward,True,False,0,0,5.711262876341762,Fort Lauderdale,2018.0,0.0,0.0,0.0,0.0
12011110308,Broward,True,False,0,0,8.6334349370438,Aventura,2022.0,0.0,0.0,0.0,0.0
12011060113,Broward,True,False,0,0,9.538137753920749,Fort Lauderdale,2018.0,0.0,0.0,0.0,0.0
12011041100,Broward,True,False,0,0,2.335586971090384,Fort Lauderdale,2018.0,0.0,0.0,0.03972039603030113,0.9602796039697004
12011010304,Broward,True,False,0,0,3.972187075136385,Boca Raton,2022.0,0.0,0.0,0.0,0.0
12011010401,Broward,True,False,0,0,5.056394906076721,Boca Raton,2022.0,0.0,0.0,0.0,0.0
12095012600,Orange,True,False,0,0,12.14018545041912,Orlando,2023.0,0.0,0.0,0.0,0.0
12095017701,Orange,True,False,0,0,23.453679058028218,Orlando,2023.0,0.0,0.0,0.0,0.0
12095012304,Orange,True,False,0,0,16.139647539535463,Orlando,2023.0,0.0,0.0,0.0,0.0
12095015001,Orange,True,False,0,0,19.05813918910114,Orlando,2023.0,0.0,0.0,0.0,0.0
12095013605,Orange,True,False,0,0,6.2044411354250375,Orlando,2023.0,0.0,0.0,0.0,0.0
12095012100,Orange,True,False,0,0,13.81155917161997,Orlando,2023.0,0.0,0.0,0.0,0.0
12095016200,Orange,True,False,0,0,12.05379615071219,Orlando,2023.0,0.0,0.0,0.0,0.0
12095012000,Orange,True,False,0,0,13.586827844508315,Orlando,2023.0,0.0,0.0,0.0,0.0
12095018700,Orange,True,False,0,0,12.516052268189462,Orlando,2023.0,0.0,0.0,0.0,0.0
12095014605,Orange,True,False,0,0,10.557090717513248,Orlando,2023.0,0.0,0.0,0.0,0.0
12095016804,Orange,True,False,0,0,3.0357603603639354,Orlando,2023.0,0.0,0.0,0.031167009759095903,0.29499089636934966
12095016100,Orange,True,False,0,0,12.179307737584658,Orlando,2023.0,0.0,0.0,0.0,0.0
12095015702,Orange,True,False,0,0,14.744749534018828,Orlando,2023.0,0.0,0.0,0.0,0.0
12095016002,Orange,True,False,0,0,13.108525452634439,Orlando,2023.0,0.0,0.0,0.0,0.0
12095012403,Orange,True,False,0,0,14.165034976779198,Orlando,2023.0,0.0,0.0,0.0,0.0
12095016402,Orange,True,False,0,0,10.865852015557861,Orlando,2023.0,0.0,0.0,0.0,0.0
12095016803,Orange,True,False,0,0,4.697774594079079,Orlando,2023.0,0.0,0.0,0.0,0.0
12095010300,Orange,True,False,0,0,9.216958298472026,Orlando,2023.0,0.0,0.0,0.0,0.0
12095011200,Orange,True,False,0,0,8.60652837590035,Orlando,2023.0,0.0,0.0,0.0,0.0
12095014813,Orange,True,False,0,0,11.362073270814413,Orlando,2023.0,0.0,0.0,0.0,0.0
12021010102,Collier,False,True,0,1,101.71444989781052,Fort Lauderdale,2018.0,0.0,0.0,0.0,0.0
12021010701,Collier,False,True,0,1,100.60688553002096,MiamiCentral,2018.0,0.0,0.0,0.0,0.0
12021000302,Collier,False,True,0,1,102.91459027626969,Fort Lauderdale,2018.0,0.0,0.0,0.0,0.0
12021010107,Collier,False,True,0,1,101.0469307086462,Fort Lauderdale,2018.0,0.0,0.0,0.0,0.0
12095016709,Orange,True,False,0,0,6.55794309331838,Orlando,2023.0,0.0,0.0,0.0,0.0
12115001505,Sarasota,False,True,0,1,103.91025267111368,Orlando,2023.0,0.0,0.0,0.0,0.0
12115002003,Sarasota,False,True,0,1,107.97151346693232,Orlando,2023.0,0.0,0.0,0.0,0.0
12115000102,Sarasota,False,True,0,1,105.34608886773913,Orlando,2023.0,0.0,0.0,0.0,0.0
12115002302,Sarasota,False,True,0,1,112.978341733514,Orlando,2023.0,0.0,0.0,0.0,0.0
12115000700,Sarasota,False,True,0,1,107.3259948694453,Orlando,2023.0,0.0,0.0,0.0,0.0
12115000404,Sarasota,False,True,0,1,103.12810779279039,Orlando,2023.0,0.0,0.0,0.0,0.0
12115000401,Sarasota,False,True,0,1,104.56271909328723,Orlando,2023.0,0.0,0.0,0.0,0.0
12115001203,Sarasota,False,True,0,1,101.34575167916343,Orlando,2023.0,0.0,0.0,0.0,0.0
12057007300,Hillsborough,False,True,0,1,82.59261041254328,Orlando,2023.0,0.0,0.0,0.0,0.0
12057010814,Hillsborough,False,True,0,1,72.45284877517953,Orlando,2023.0,0.0,0.0,0.0,0.0
12057011512,Hillsborough,False,True,0,1,78.50007160499496,Orlando,2023.0,0.0,0.0,0.0,0.0
12057011506,Hillsborough,False,True,0,1,82.46039469761044,Orlando,2023.0,0.0,0.0,0.0,0.0
12057013322,Hillsborough,False,True,0,1,70.24653902606613,Orlando,2023.0,0.0,0.0,0.0,0.0
12057980200,Hillsborough,False,True,0,1,104.64892947489273,Orlando,2023.0,0.0,0.0,0.0,0.0
12057014119,Hillsborough,False,True,0,1,79.70727082277295,Orlando,2023.0,0.0,0.0,0.0,0.0
12057013915,Hillsborough,False,True,0,1,74.2926710933839,Orlando,2023.0,0.0,0.0,0.0,0.0
12057014011,Hillsborough,False,True,0,1,81.4508558815344,Orlando,2023.0,0.0,0.0,0.0,0.0
12057013802,Hillsborough,False,True,0,1,74.39601723229981,Orlando,2023.0,0.0,0.0,0.0,0.0
12057005401,Hillsborough,False,True,0,1,77.63642466245409,Orlando,2023.0,0.0,0.0,0.0,0.0
12057013315,Hillsborough,False,True,0,1,71.06001118882347,Orlando,2023.0,0.0,0.0,0.0,0.0
12057013602,Hillsborough,False,True,0,1,74.13995359111894,Orlando,2023.0,0.0,0.0,0.0,0.0
12057010213,Hillsborough,False,True,0,1,66.20571028288205,Orlando,2023.0,0.0,0.0,0.0,0.0
12057010204,Hillsborough,False,True,0,1,69.09321180279231,Orlando,2023.0,0.0,0.0,0.0,0.0
12057011409,Hillsborough,False,True,0,1,77.24876204445194,Orlando,2023.0,0.0,0.0,0.0,0.0
12057014121,Hillsborough,False,True,0,1,83.82017808588091,Orlando,2023.0,0.0,0.0,0.0,0.0
12057014013,Hillsborough,False,True,0,1,83.61841077938158,Orlando,2023.0,0.0,0.0,0.0,0.0
12057011518,Hillsborough,False,True,0,1,81.85695184476899,Orlando,2023.0,0.0,0.0,0.0,0.0
12011080406,Broward,True,False,0,0,4.954006221373963,Fort Lauderdale,2018.0,0.0,0.0,0.0,0.0
12011090301,Broward,True,False,0,0,3.961951570532199,Aventura,2022.0,0.0,0.0,0.0,0.0
12011091702,Broward,True,False,0,0,3.9343001385956713,Aventura,2022.0,0.0,0.0,0.0,0.0
12011100501,Broward,True,False,0,0,2.7328058773325687,Aventura,2022.0,0.0,0.0,0.0,0.8137602726259098
12011110339,Broward,True,False,0,0,9.681728194782925,Aventura,2022.0,0.0,0.0,0.0,0.0
12011030702,Broward,True,False,0,0,8.19971633261268,Fort Lauderdale,2018.0,0.0,0.0,0.0,0.0
12011031101,Broward,True,False,0,0,6.753547888476643,Boca Raton,2022.0,0.0,0.0,0.0,0.0
12057013317,Hillsborough,False,True,0,1,71.72069636003121,Orlando,2023.0,0.0,0.0,0.0,0.0
12057013415,Hillsborough,False,True,0,1,68.99018394650082,Orlando,2023.0,0.0,0.0,0.0,0.0
12011043301,Broward,True,False,0,0,1.9416543991873276,Fort Lauderdale,2018.0,0.0,0.0,0.5469069261461804,0.453093073853817
12011060306,Broward,True,False,0,0,5.884727695887261,Fort Lauderdale,2018.0,0.0,0.0,0.0,0.0
12011070208,Broward,True,False,0,0,9.291262177083832,Fort Lauderdale,2018.0,0.0,0.0,0.0,0.0
12011110338,Broward,True,False,0,0,9.426447035923777,Aventura,2022.0,0.0,0.0,0.0,0.0
12011020204,Broward,True,False,0,0,10.702636595246933,Boca Raton,2022.0,0.0,0.0,0.0,0.0
12011031001,Broward,True,False,0,0,7.9466862769684505,Fort Lauderdale,2018.0,0.0,0.0,0.0,0.0
12011060606,Broward,True,False,0,0,6.092305552652629,Fort Lauderdale,2018.0,0.0,0.0,0.0,0.0
12011020104,Broward,True,False,0,0,9.25341888511628,Fort Lauderdale,2018.0,0.0,0.0,0.0,0.0
12011020210,Broward,True,False,0,0,9.228497690074608,Fort Lauderdale,2018.0,0.0,0.0,0.0,0.0
12011010610,Broward,True,False,0,0,6.365248338485216,Boca Raton,2022.0,0.0,0.0,0.0,0.0
12011010612,Broward,True,False,0,0,13.086339760583312,Boca Raton,2022.0,0.0,0.0,0.0,0.0
12011020205,Broward,True,False,0,0,9.73027328728332,Boca Raton,2022.0,0.0,0.0,0.0,0.0
12011020317,Broward,True,False,0,0,9.779664837775217,Fort Lauderdale,2018.0,0.0,0.0,0.0,0.0
12011020324,Broward,True,False,0,0,11.212146303527303,Boca Raton,2022.0,0.0,0.0,0.0,0.0
12011020501,Broward,True,False,0,0,8.240293415325796,Fort Lauderdale,2018.0,0.0,0.0,0.0,0.0
12011020502,Broward,True,False,0,0,7.3435814679768106,Fort Lauderdale,2018.0,0.0,0.0,0.0,0.0
12011031102,Broward,True,False,0,0,7.67301871820898,Boca Raton,2022.0,0.0,0.0,0.0,0.0
12011031204,Broward,True,False,0,0,7.71627765946071,Boca Raton,2022.0,0.0,0.0,0.0,0.0
12011040102,Broward,True,False,0,0,5.87628863157974,Fort Lauderdale,2018.0,0.0,0.0,0.0,0.0
12011050312,Broward,True,False,0,0,5.041554345356214,Fort Lauderdale,2018.0,0.0,0.0,0.0,0.0
12011050601,Broward,True,False,0,0,4.184370238450196,Fort Lauderdale,2018.0,0.0,0.0,0.0,0.0
12011070209,Broward,True,False,0,0,8.494697873512536,Fort Lauderdale,2018.0,0.0,0.0,0.0,0.0
12099000505,Palm Beach,True,False,0,0,8.423088766212032,West Palm Beach,2018.0,0.0,0.0,0.0,0.0
12099000904,Palm Beach,True,False,0,0,8.778282453581665,West Palm Beach,2018.0,0.0,0.0,0.0,0.0
12099001004,Palm Beach,True,False,0,0,6.262905948366463,West Palm Beach,2018.0,0.0,0.0,0.0,0.0
12099001200,Palm Beach,True,False,0,0,5.254385210854649,West Palm Beach,2018.0,0.0,0.0,0.0,0.0
12099002006,Palm Beach,True,False,0,0,1.1408909278434545,West Palm Beach,2018.0,0.0,0.3424595441104195,0.6575404558895883,0.0
12099002100,Palm Beach,True,False,0,0,1.2097269029088424,West Palm Beach,2018.0,0.00354680205990257,0.21903898321678672,0.7774142147233051,0.0
12099003700,Palm Beach,True,False,0,0,3.5443120037370694,West Palm Beach,2018.0,0.0,0.0,0.0,0.22116685060501926
12099004013,Palm Beach,True,False,0,0,6.568206838959542,West Palm Beach,2018.0,0.0,0.0,0.0,0.0
12099004816,Palm Beach,True,False,0,0,8.64475758484348,West Palm Beach,2018.0,0.0,0.0,0.0,0.0
12099005101,Palm Beach,True,False,0,0,6.86958339703077,West Palm Beach,2018.0,0.0,0.0,0.0,0.0
12099007302,Palm Beach,True,False,0,0,1.984778693834466,Boca Raton,2022.0,0.0,0.0010743107490472294,0.5012489466732644,0.48963927189535483
12099007420,Palm Beach,True,False,0,0,1.7033608971088223,Boca Raton,2022.0,0.0,0.0,0.7471838543167413,0.2528161456832464
12099007505,Palm Beach,True,False,1,0,0.6379422674345557,Boca Raton,2022.0,0.20751710789274352,0.7467090996978457,0.045773792409395074,0.0
12099007615,Palm Beach,True,False,0,0,2.71355512349981,Boca Raton,2022.0,0.0,0.0,0.0,0.8134462680180077
12099007721,Palm Beach,True,False,0,0,16.603504522049,West Palm Beach,2018.0,0.0,0.0,0.0,0.0
12099007725,Palm Beach,True,False,0,0,13.258177236551871,West Palm Beach,2018.0,0.0,0.0,0.0,0.0
12099007731,Palm Beach,True,False,0,0,7.8003309193446695,Boca Raton,2022.0,0.0,0.0,0.0,0.0
12099007735,Palm Beach,True,False,0,0,10.686229781048706,Boca Raton,2022.0,0.0,0.0,0.0,0.0
12099007740,Palm Beach,True,False,0,0,6.676108429767049,Boca Raton,2022.0,0.0,0.0,0.0,0.0
12099007813,Palm Beach,True,False,0,0,9.623307338118225,West Palm Beach,2018.0,0.0,0.0,0.0,0.0
12099007814,Palm Beach,True,False,0,0,9.930835113993279,West Palm Beach,2018.0,0.0,0.0,0.0,0.0
12099007838,Palm Beach,True,False,0,0,11.391847691930163,West Palm Beach,2018.0,0.0,0.0,0.0,0.0
12099008302,Palm Beach,True,False,0,0,41.007927760908906,West Palm Beach,2018.0,0.0,0.0,0.0,0.0
12099005917,Palm Beach,True,False,0,0,10.394921090161253,West Palm Beach,2018.0,0.0,0.0,0.0,0.0
12099005937,Palm Beach,True,False,0,0,6.951577034096532,Boca Raton,2022.0,0.0,0.0,0.0,0.0
12099005946,Palm Beach,True,False,0,0,12.016564787936126,West Palm Beach,2018.0,0.0,0.0,0.0,0.0
12099007750,Palm Beach,True,False,0,0,11.839877439134575,West Palm Beach,2018.0,0.0,0.0,0.0,0.0
12099007763,Palm Beach,True,False,0,0,10.104765651267074,West Palm Beach,2018.0,0.0,0.0,0.0,0.0
12099980200,Palm Beach,True,False,0,0,13.549206765144048,West Palm Beach,2018.0,0.0,0.0,0.0,0.0
12099001302,Palm Beach,True,False,0,0,5.284088565472772,West Palm Beach,2018.0,0.0,0.0,0.0,0.0
12099006911,Palm Beach,True,False,0,0,5.484616964210039,Boca Raton,2022.0,0.0,0.0,0.0,0.0
12099007006,Palm Beach,True,False,0,0,4.404169046192274,Boca Raton,2022.0,0.0,0.0,0.0,0.0
12099001801,Palm Beach,True,False,0,0,2.56899814199265,West Palm Beach,2018.0,0.0,0.0,0.12288285749917352,0.658202642534793
12099002900,Palm Beach,True,False,0,0,2.3431281239201027,West Palm Beach,2018.0,0.0,0.0,0.34322188748906146,0.4435741087327409
12099004009,Palm Beach,True,False,0,0,5.424541517798142,West Palm Beach,2018.0,0.0,0.0,0.0,0.0
12099004904,Palm Beach,True,False,0,0,7.48356482991002,West Palm Beach,2018.0,0.0,0.0,0.0,0.0
12099005502,Palm Beach,True,False,0,0,9.134397365381515,West Palm Beach,2018.0,0.0,0.0,0.0,0.0
12099006007,Palm Beach,True,False,0,0,11.537604350122578,Boca Raton,2022.0,0.0,0.0,0.0,0.0
12071030201,Lee,False,True,0,1,104.39738626484177,West Palm Beach,2018.0,0.0,0.0,0.0,0.0
12071001706,Lee,False,True,0,1,113.25309600050079,Fort Lauderdale,2018.0,0.0,0.0,0.0,0.0
12071050207,Lee,False,True,0,1,105.63270145567392,Fort Lauderdale,2018.0,0.0,0.0,0.0,0.0
12071050206,Lee,False,True,0,1,106.03520807236029,Fort Lauderdale,2018.0,0.0,0.0,0.0,0.0
12071050204,Lee,False,True,0,1,105.270178067815,Fort Lauderdale,2018.0,0.0,0.0,0.0,0.0
12071020202,Lee,False,True,0,1,109.3874392965349,West Palm Beach,2018.0,0.0,0.0,0.0,0.0
12099006801,Palm Beach,True,False,0,0,6.605269748938381,Boca Raton,2022.0,0.0,0.0,0.0,0.0
12099007100,Palm Beach,True,False,0,0,1.8873879135119251,Boca Raton,2022.0,0.0,0.007072074090354543,0.49971990100961877,0.4932080249000294
12099007613,Palm Beach,True,False,0,0,3.106095157060946,Boca Raton,2022.0,0.0,0.0,0.0,0.44551157059888985
12021010213,Collier,False,True,0,1,101.66037001200479,Fort Lauderdale,2018.0,0.0,0.0,0.0,0.0
12099000408,Palm Beach,True,False,0,0,14.532097946659874,West Palm Beach,2018.0,0.0,0.0,0.0,0.0
12099001700,Palm Beach,True,False,0,0,2.2615702653579484,West Palm Beach,2018.0,0.0,0.0,0.2547931386532277,0.7452068613468005
12021010605,Collier,False,True,0,1,99.15512310055321,MiamiCentral,2018.0,0.0,0.0,0.0,0.0
12021010702,Collier,False,True,0,1,100.37578873147332,MiamiCentral,2018.0,0.0,0.0,0.0,0.0
12099000208,Palm Beach,True,False,0,0,10.671756933259472,West Palm Beach,2018.0,0.0,0.0,0.0,0.0
12099000214,Palm Beach,True,False,0,0,13.839824994838859,West Palm Beach,2018.0,0.0,0.0,0.0,0.0
12099000303,Palm Beach,True,False,0,0,10.910158184377787,West Palm Beach,2018.0,0.0,0.0,0.0,0.0
12021010108,Collier,False,True,0,1,102.47208144328765,Fort Lauderdale,2018.0,0.0,0.0,0.0,0.0
12095013201,Orange,True,False,0,0,9.456424755789707,Orlando,2023.0,0.0,0.0,0.0,0.0
12095013511,Orange,True,False,0,0,5.494264100864687,Orlando,2023.0,0.0,0.0,0.0,0.0
12095013606,Orange,True,False,0,0,3.7645848295300977,Orlando,2023.0,0.0,0.0,0.0,0.06266391112555518
12095018300,Orange,True,False,0,0,11.467088466642558,Orlando,2023.0,0.0,0.0,0.0,0.0
12095018400,Orange,True,False,0,0,9.471516446608714,Orlando,2023.0,0.0,0.0,0.0,0.0
12095013202,Orange,True,False,0,0,9.914845323762181,Orlando,2023.0,0.0,0.0,0.0,0.0
12021000700,Collier,False,True,0,1,101.97347960075847,Fort Lauderdale,2018.0,0.0,0.0,0.0,0.0
12001000809,Alachua,False,True,0,1,104.9444471779139,Orlando,2023.0,0.0,0.0,0.0,0.0
12095013701,Orange,True,False,0,0,7.507735112667352,Orlando,2023.0,0.0,0.0,0.0,0.0
12095014909,Orange,True,False,0,0,15.738750643378445,Orlando,2023.0,0.0,0.0,0.0,0.0
12095016731,Orange,True,False,0,0,10.34137942540184,Orlando,2023.0,0.0,0.0,0.0,0.0
12001001907,Alachua,False,True,0,1,105.27303735524173,Orlando,2023.0,0.0,0.0,0.0,0.0
12001001516,Alachua,False,True,0,1,104.62177082058355,Orlando,2023.0,0.0,0.0,0.0,0.0
12031001200,Duval,False,True,0,1,135.13565880819223,Orlando,2023.0,0.0,0.0,0.0,0.0
12031015924,Duval,False,True,0,1,129.40754964555333,Orlando,2023.0,0.0,0.0,0.0,0.0
12031013403,Duval,False,True,0,1,129.93872305158564,Orlando,2023.0,0.0,0.0,0.0,0.0
12031014334,Duval,False,True,0,1,135.4678280779976,Orlando,2023.0,0.0,0.0,0.0,0.0
12031014336,Duval,False,True,0,1,132.7861116457743,Orlando,2023.0,0.0,0.0,0.0,0.0
12031014603,Duval,False,True,0,1,134.04266600825096,Orlando,2023.0,0.0,0.0,0.0,0.0
12031015926,Duval,False,True,0,1,127.08848907132636,Orlando,2023.0,0.0,0.0,0.0,0.0
12031016603,Duval,False,True,0,1,126.3227067345635,Orlando,2023.0,0.0,0.0,0.0,0.0
12031016725,Duval,False,True,0,1,124.92037516493967,Orlando,2023.0,0.0,0.0,0.0,0.0
12031016729,Duval,False,True,0,1,122.76802391373236,Orlando,2023.0,0.0,0.0,0.0,0.0
12115002008,Sarasota,False,True,0,1,108.5731747182281,Orlando,2023.0,0.0,0.0,0.0,0.0
12057010212,Hillsborough,False,True,0,1,64.45850637018728,Orlando,2023.0,0.0,0.0,0.0,0.0
12057980600,Hillsborough,False,True,0,1,80.40948209202773,Orlando,2023.0,0.0,0.0,0.0,0.0
12057003700,Hillsborough,False,True,0,1,73.18047060111454,Orlando,2023.0,0.0,0.0,0.0,0.0
12057980300,Hillsborough,False,True,0,1,65.81887942735653,Orlando,2023.0,0.0,0.0,0.0,0.0
12073002513,Leon,False,True,0,1,221.71040043462483,Orlando,2023.0,0.0,0.0,0.0,0.0
12073002512,Leon,False,True,0,1,222.74320560047948,Orlando,2023.0,0.0,0.0,0.0,0.0
12086004403,Other,False,False,0,0,3.8219627990537877,MiamiCentral,2018.0,0.0,0.0,0.0,0.0
12086004205,Other,False,False,0,0,4.042006143118885,MiamiCentral,2018.0,0.0,0.0,0.0,0.0
12086008102,Other,False,False,0,0,11.599091441711089,MiamiCentral,2018.0,0.0,0.0,0.0,0.0
12086000130,Other,False,False,0,0,3.5486707100410304,Aventura,2022.0,0.0,0.0,0.0,0.18031817361334476
12086009705,Other,False,False,0,0,1.5154018682068193,Aventura,2022.0,0.0,0.0,1.0,0.0
12086009704,Other,False,False,0,0,0.6029222548392267,Aventura,2022.0,0.2861529153293397,0.504789767308258,0.20905731736240085,0.0
12086000414,Other,False,False,0,0,5.161136615994329,Aventura,2022.0,0.0,0.0,0.0,0.0
12086000121,Other,False,False,0,0,1.2893895284682855,Aventura,2022.0,0.0,0.0,1.0,0.0
12086009804,Other,False,False,0,0,1.7455623230114838,Aventura,2022.0,0.0,0.0,0.7733995230997207,0.22660047690027965
12086009040,Other,False,False,0,0,11.152848712615892,MiamiCentral,2018.0,0.0,0.0,0.0,0.0
12086000806,Other,False,False,0,0,6.8091550531379434,MiamiCentral,2018.0,0.0,0.0,0.0,0.0
12086009305,Other,False,False,0,0,10.67184456224609,Aventura,2022.0,0.0,0.0,0.0,0.0
12086000712,Other,False,False,0,0,7.331304842129184,MiamiCentral,2018.0,0.0,0.0,0.0,0.0
12086000710,Other,False,False,0,0,8.236304700196214,MiamiCentral,2018.0,0.0,0.0,0.0,0.0
12086006709,Other,False,False,0,0,0.9194666564663,MiamiCentral,2018.0,0.0,0.8437934951272008,0.15620650487274637,0.0
12086003707,Other,False,False,0,0,0.36707940528333904,MiamiCentral,2018.0,0.9502388483526255,0.04976115164737321,0.0,0.0
12086007705,Other,False,False,0,0,9.887540473888713,MiamiCentral,2018.0,0.0,0.0,0.0,0.0
12086006707,Other,False,False,0,0,1.5031292285190663,MiamiCentral,2018.0,0.0,0.027622772600665986,0.9153385214812758,0.05703870591805182
12086020200,Other,False,False,0,0,17.02997409722889,MiamiCentral,2018.0,0.0,0.0,0.0,0.0
12086014400,Other,False,False,0,0,12.31007503704993,MiamiCentral,2018.0,0.0,0.0,0.0,0.0
12086010013,Other,False,False,0,0,8.639263265760185,Aventura,2022.0,0.0,0.0,0.0,0.0
12086018500,Other,False,False,0,0,16.96044996146297,MiamiCentral,2018.0,0.0,0.0,0.0,0.0
12086019700,Other,False,False,0,0,19.63363909187789,MiamiCentral,2018.0,0.0,0.0,0.0,0.0
12086000302,Other,False,False,0,0,4.874095002626274,Aventura,2022.0,0.0,0.0,0.0,0.0
12031014423,Duval,False,True,0,1,121.36763538829445,Orlando,2023.0,0.0,0.0,0.0,0.0
12031010106,Duval,False,True,0,1,143.7482108645146,Orlando,2023.0,0.0,0.0,0.0,0.0
12031012202,Duval,False,True,0,1,132.92299561564082,Orlando,2023.0,0.0,0.0,0.0,0.0
12031014414,Duval,False,True,0,1,128.88062194366884,Orlando,2023.0,0.0,0.0,0.0,0.0
12031010305,Duval,False,True,0,1,142.43225711931262,Orlando,2023.0,0.0,0.0,0.0,0.0
12031010105,Duval,False,True,0,1,140.16898342311129,Orlando,2023.0,0.0,0.0,0.0,0.0
12031014343,Duval,False,True,0,1,131.7387517146571,Orlando,2023.0,0.0,0.0,0.0,0.0
12031010308,Duval,False,True,0,1,141.87821104913587,Orlando,2023.0,0.0,0.0,0.0,0.0
12031013733,Duval,False,True,0,1,133.2622621285966,Orlando,2023.0,0.0,0.0,0.0,0.0
12031010306,Duval,False,True,0,1,141.3730290423328,Orlando,2023.0,0.0,0.0,0.0,0.0
12031016810,Duval,False,True,0,1,122.04185603103652,Orlando,2023.0,0.0,0.0,0.0,0.0
12031013301,Duval,False,True,0,1,126.86503234189466,Orlando,2023.0,0.0,0.0,0.0,0.0
12031010502,Duval,False,True,0,1,142.6336681829572,Orlando,2023.0,0.0,0.0,0.0,0.0
12031000102,Duval,False,True,0,1,137.27169642972098,Orlando,2023.0,0.0,0.0,0.0,0.0
12057011019,Hillsborough,False,True,0,1,67.0500916706375,Orlando,2023.0,0.0,0.0,0.0,0.0
12057004602,Hillsborough,False,True,0,1,80.86900668839105,Orlando,2023.0,0.0,0.0,0.0,0.0
12057002701,Hillsborough,False,True,0,1,77.99835625657919,Orlando,2023.0,0.0,0.0,0.0,0.0
12057011527,Hillsborough,False,True,0,1,83.79710227609846,Orlando,2023.0,0.0,0.0,0.0,0.0
12057011526,Hillsborough,False,True,0,1,81.85789042705231,Orlando,2023.0,0.0,0.0,0.0,0.0
12057013926,Hillsborough,False,True,0,1,67.80560845280341,Orlando,2023.0,0.0,0.0,0.0,0.0
12057014017,Hillsborough,False,True,0,1,80.78372353797468,Orlando,2023.0,0.0,0.0,0.0,0.0
12057011714,Hillsborough,False,True,0,1,83.41371499248055,Orlando,2023.0,0.0,0.0,0.0,0.0
12057011713,Hillsborough,False,True,0,1,83.94847562525753,Orlando,2023.0,0.0,0.0,0.0,0.0
12057011908,Hillsborough,False,True,0,1,77.19224051573913,Orlando,2023.0,0.0,0.0,0.0,0.0
12057011909,Hillsborough,False,True,0,1,77.33482526507666,Orlando,2023.0,0.0,0.0,0.0,0.0
12057011805,Hillsborough,False,True,0,1,78.06522850695082,Orlando,2023.0,0.0,0.0,0.0,0.0
12021011306,Collier,False,True,0,1,87.27625208470542,Fort Lauderdale,2018.0,0.0,0.0,0.0,0.0
12021010807,Collier,False,True,0,1,95.8839045556207,MiamiCentral,2018.0,0.0,0.0,0.0,0.0
12021010808,Collier,False,True,0,1,98.45481509239085,MiamiCentral,2018.0,0.0,0.0,0.0,0.0
12021010432,Collier,False,True,0,1,100.17448857885654,Fort Lauderdale,2018.0,0.0,0.0,0.0,0.0
12021011214,Collier,False,True,0,1,88.83697836476806,Fort Lauderdale,2018.0,0.0,0.0,0.0,0.0
12021010429,Collier,False,True,0,1,100.42993397916894,Fort Lauderdale,2018.0,0.0,0.0,0.0,0.0
12021010434,Collier,False,True,0,1,99.63450785846555,Fort Lauderdale,2018.0,0.0,0.0,0.0,0.0
12021010512,Collier,False,True,0,1,96.67230274192266,Fort Lauderdale,2018.0,0.0,0.0,0.0,0.0
12001001819,Alachua,False,True,0,1,119.0032379718916,Orlando,2023.0,0.0,0.0,0.0,0.0
12001000201,Alachua,False,True,0,1,105.81269802056138,Orlando,2023.0,0.0,0.0,0.0,0.0
12011090103,Broward,True,False,0,0,3.059059827856384,Aventura,2022.0,0.0,0.0,0.0,0.571194028907837
12011080104,Broward,True,False,0,0,5.507883450555686,Aventura,2022.0,0.0,0.0,0.0,0.0
12011110353,Broward,True,False,0,0,10.040084699089704,Aventura,2022.0,0.0,0.0,0.0,0.0
12011110348,Broward,True,False,0,0,9.901072816860445,Aventura,2022.0,0.0,0.0,0.0,0.0
12011100204,Broward,True,False,0,0,2.1931658121173894,Aventura,2022.0,0.0,0.0,0.09634874159917933,0.9036512584008404
12011030806,Broward,True,False,0,0,6.978954431516493,Fort Lauderdale,2018.0,0.0,0.0,0.0,0.0
12011030804,Broward,True,False,0,0,7.293737005924758,Fort Lauderdale,2018.0,0.0,0.0,0.0,0.0
12011070104,Broward,True,False,0,0,5.420648915191581,Fort Lauderdale,2018.0,0.0,0.0,0.0,0.0
12011070324,Broward,True,False,0,0,10.948269025989283,Fort Lauderdale,2018.0,0.0,0.0,0.0,0.0
12011070504,Broward,True,False,0,0,8.025970435579216,Fort Lauderdale,2018.0,0.0,0.0,0.0,0.0
12011060214,Broward,True,False,0,0,8.344170100757175,Fort Lauderdale,2018.0,0.0,0.0,0.0,0.0
12011020416,Broward,True,False,0,0,11.23370665053167,Fort Lauderdale,2018.0,0.0,0.0,0.0,0.0
12011031206,Broward,True,False,0,0,6.745860948045256,Fort Lauderdale,2018.0,0.0,0.0,0.0,0.0
12011070327,Broward,True,False,0,0,14.475292699984614,Fort Lauderdale,2018.0,0.0,0.0,0.0,0.0
12099000223,Palm Beach,True,False,0,0,13.311922329784949,West Palm Beach,2018.0,0.0,0.0,0.0,0.0
12099004204,Palm Beach,True,False,0,0,5.712459675702153,West Palm Beach,2018.0,0.0,0.0,0.0,0.0
12099007012,Palm Beach,True,False,0,0,3.252762114244131,Boca Raton,2022.0,0.0,0.0,0.0,0.29026658088836366
12099007624,Palm Beach,True,False,0,0,4.784047205436442,Boca Raton,2022.0,0.0,0.0,0.0,0.0
12099007841,Palm Beach,True,False,0,0,10.4953570464645,West Palm Beach,2018.0,0.0,0.0,0.0,0.0
12099001921,Palm Beach,True,False,0,0,4.359404857403262,West Palm Beach,2018.0,0.0,0.0,0.0,0.0
12099004205,Palm Beach,True,False,0,0,5.914232164846992,West Palm Beach,2018.0,0.0,0.0,0.0,0.0
12099005959,Palm Beach,True,False,0,0,8.73877919124977,Boca Raton,2022.0,0.0,0.0,0.0,0.0
12099004207,Palm Beach,True,False,0,0,5.3434893605066955,West Palm Beach,2018.0,0.0,0.0,0.0,0.0
12099000805,Palm Beach,True,False,0,0,7.775271330421057,West Palm Beach,2018.0,0.0,0.0,0.0,0.0
12099007623,Palm Beach,True,False,0,0,4.6517380262352335,Boca Raton,2022.0,0.0,0.0,0.0,0.0
12099000217,Palm Beach,True,False,0,0,14.853210638032143,West Palm Beach,2018.0,0.0,0.0,0.0,0.0
12099007767,Palm Beach,True,False,0,0,7.04000132021271,Boca Raton,2022.0,0.0,0.0,0.0,0.0
12071050402,Lee,False,True,0,1,101.79857626313695,Fort Lauderdale,2018.0,0.0,0.0,0.0,0.0
12071001917,Lee,False,True,0,1,113.91012549632234,Fort Lauderdale,2018.0,0.0,0.0,0.0,0.0
12071050322,Lee,False,True,0,1,105.08801282959423,Fort Lauderdale,2018.0,0.0,0.0,0.0,0.0
12071010423,Lee,False,True,0,1,122.18285582055874,Fort Lauderdale,2018.0,0.0,0.0,0.0,0.0
12071001921,Lee,False,True,0,1,110.85798146638913,Fort Lauderdale,2018.0,0.0,0.0,0.0,0.0
12071010415,Lee,False,True,0,1,120.52218499256918,Fort Lauderdale,2018.0,0.0,0.0,0.0,0.0
12071070202,Lee,False,True,0,1,124.36984711414588,Fort Lauderdale,2018.0,0.0,0.0,0.0,0.0
12071030205,Lee,False,True,0,1,101.27521992604956,West Palm Beach,2018.0,0.0,0.0,0.0,0.0
12071010205,Lee,False,True,0,1,118.39322522506485,West Palm Beach,2018.0,0.0,0.0,0.0,0.0
12071000305,Lee,False,True,0,1,110.15041137063017,West Palm Beach,2018.0,0.0,0.0,0.0,0.0
12071040135,Lee,False,True,0,1,107.55614341594217,Boca Raton,2022.0,0.0,0.0,0.0,0.0
12071040132,Lee,False,True,0,1,106.66592752525169,Boca Raton,2022.0,0.0,0.0,0.0,0.0
12115002742,Sarasota,False,True,0,1,106.76348521254374,Orlando,2023.0,0.0,0.0,0.0,0.0
12115002404,Sarasota,False,True,0,1,114.1064009516122,Orlando,2023.0,0.0,0.0,0.0,0.0
12115002306,Sarasota,False,True,0,1,111.55197551142912,Orlando,2023.0,0.0,0.0,0.0,0.0
12115002102,Sarasota,False,True,0,1,111.03601898264415,Orlando,2023.0,0.0,0.0,0.0,0.0
12115002743,Sarasota,False,True,0,1,107.82613215582664,Orlando,2023.0,0.0,0.0,0.0,0.0
12115001909,Sarasota,False,True,0,1,110.06823729266871,Orlando,2023.0,0.0,0.0,0.0,0.0
12115002014,Sarasota,False,True,0,1,108.75160428052297,Orlando,2023.0,0.0,0.0,0.0,0.0
12115001511,Sarasota,False,True,0,1,105.19665838573617,Orlando,2023.0,0.0,0.0,0.0,0.0
12115002745,Sarasota,False,True,0,1,107.82346738708793,Orlando,2023.0,0.0,0.0,0.0,0.0
12115002731,Sarasota,False,True,0,1,113.80602351631863,Orlando,2023.0,0.0,0.0,0.0,0.0
12095017022,Orange,True,False,0,0,10.359170156710057,Orlando,2023.0,0.0,0.0,0.0,0.0
12095017018,Orange,True,False,0,0,6.478642961187829,Orlando,2023.0,0.0,0.0,0.0,0.0
12095017021,Orange,True,False,0,0,6.762425025141078,Orlando,2023.0,0.0,0.0,0.0,0.0
12095017506,Orange,True,False,0,0,20.086320985812335,Orlando,2023.0,0.0,0.0,0.0,0.0
12095016745,Orange,True,False,0,0,13.602572253135175,Orlando,2023.0,0.0,0.0,0.0,0.0
12095015204,Orange,True,False,0,0,16.017614033988817,Orlando,2023.0,0.0,0.0,0.0,0.0
12095017115,Orange,True,False,0,0,16.138799450708802,Orlando,2023.0,0.0,0.0,0.0,0.0
12095017117,Orange,True,False,0,0,19.371609488156317,Orlando,2023.0,0.0,0.0,0.0,0.0
12095017114,Orange,True,False,0,0,18.342879243852032,Orlando,2023.0,0.0,0.0,0.0,0.0
12095016736,Orange,True,False,0,0,6.219893773406803,Orlando,2023.0,0.0,0.0,0.0,0.0
12071040131,Lee,False,True,0,1,105.00353091273479,Fort Lauderdale,2018.0,0.0,0.0,0.0,0.0
12086001608,Other,False,False,0,0,5.433069929104728,MiamiCentral,2018.0,0.0,0.0,0.0,0.0
12086981200,Other,False,False,0,0,27.982629166247133,MiamiCentral,2018.0,0.0,0.0,0.0,0.0
12086007607,Other,False,False,0,0,7.396801486292247,MiamiCentral,2018.0,0.0,0.0,0.0,0.0
12086001705,Other,False,False,0,0,3.8665266361753354,MiamiCentral,2018.0,0.0,0.0,0.0,0.0013281350025014843
12086008810,Other,False,False,0,0,11.634057520954217,MiamiCentral,2018.0,0.0,0.0,0.0,0.0
12086014702,Other,False,False,0,0,12.637732637667826,MiamiCentral,2018.0,0.0,0.0,0.0,0.0
12086007709,Other,False,False,0,0,8.890694112810003,MiamiCentral,2018.0,0.0,0.0,0.0,0.0
12086003606,Other,False,False,0,0,0.40313735088659347,MiamiCentral,2018.0,0.624029834559175,0.37597016544084433,0.0,0.0
12086005803,Other,False,False,0,0,6.374756267956691,MiamiCentral,2018.0,0.0,0.0,0.0,0.0
12086000717,Other,False,False,0,0,8.074470469940918,MiamiCentral,2018.0,0.0,0.0,0.0,0.0
12086009062,Other,False,False,0,0,11.005392247941856,MiamiCentral,2018.0,0.0,0.0,0.0,0.0
12086000718,Other,False,False,0,0,8.863930585443132,MiamiCentral,2018.0,0.0,0.0,0.0,0.0
12086013801,Other,False,False,0,0,10.898921426357003,MiamiCentral,2018.0,0.0,0.0,0.0,0.0
12086015001,Other,False,False,0,0,14.128038517283816,MiamiCentral,2018.0,0.0,0.0,0.0,0.0
12086012501,Other,False,False,0,0,14.96065633286728,MiamiCentral,2018.0,0.0,0.0,0.0,0.0
12086004904,Other,False,False,0,0,3.9984942022487386,MiamiCentral,2018.0,0.0,0.0,0.0,0.0
12086004903,Other,False,False,0,0,4.5046093764477515,MiamiCentral,2018.0,0.0,0.0,0.0,0.0
12086009057,Other,False,False,0,0,10.997804113972897,MiamiCentral,2018.0,0.0,0.0,0.0,0.0
12086008422,Other,False,False,0,0,11.113974163686592,MiamiCentral,2018.0,0.0,0.0,0.0,0.0
12086019801,Other,False,False,0,0,20.418746184424997,MiamiCentral,2018.0,0.0,0.0,0.0,0.0
12086010710,Other,False,False,0,0,21.239115575452736,MiamiCentral,2018.0,0.0,0.0,0.0,0.0
12086019802,Other,False,False,0,0,19.184286061005334,MiamiCentral,2018.0,0.0,0.0,0.0,0.0
12086010804,Other,False,False,0,0,23.227581893727685,MiamiCentral,2018.0,0.0,0.0,0.0,0.0
12086019402,Other,False,False,0,0,15.659222981944918,MiamiCentral,2018.0,0.0,0.0,0.0,0.0
12086020001,Other,False,False,0,0,18.655720769729434,MiamiCentral,2018.0,0.0,0.0,0.0,0.0
12086018803,Other,False,False,0,0,15.751042779999592,MiamiCentral,2018.0,0.0,0.0,0.0,0.0
12086019501,Other,False,False,0,0,17.640015893826003,MiamiCentral,2018.0,0.0,0.0,0.0,0.0
12086016502,Other,False,False,0,0,17.649732239159153,MiamiCentral,2018.0,0.0,0.0,0.0,0.0
12086012702,Other,False,False,0,0,11.815684911425816,Aventura,2022.0,0.0,0.0,0.0,0.0
12086008313,Other,False,False,0,0,14.6049739670445,MiamiCentral,2018.0,0.0,0.0,0.0,0.0
12086007610,Other,False,False,0,0,8.35070262738907,MiamiCentral,2018.0,0.0,0.0,0.0,0.0
12086017401,Other,False,False,0,0,15.080762926590305,MiamiCentral,2018.0,0.0,0.0,0.0,0.0
12086003710,Other,False,False,0,0,0.4872573899572579,MiamiCentral,2018.0,0.4256328962048811,0.5743671037951111,0.0,0.0
12086008430,Other,False,False,0,0,12.806737998553233,MiamiCentral,2018.0,0.0,0.0,0.0,0.0
12086000223,Other,False,False,0,0,4.051462380355317,Aventura,2022.0,0.0,0.0,0.0,0.0
12086000312,Other,False,False,0,0,4.281773462336075,Aventura,2022.0,0.0,0.0,0.0,0.0
12086000226,Other,False,False,0,0,2.452900819993482,Aventura,2022.0,0.0,0.0,0.0,0.9999999999999998
12086009810,Other,False,False,0,0,2.7830593687877747,Aventura,2022.0,0.0,0.0,0.0,0.8276289639169567
12086006607,Other,False,False,0,0,1.3149600753840964,MiamiCentral,2018.0,0.0,0.0,0.9999999999999996,0.0
12086000144,Other,False,False,0,0,0.9840801840130456,Aventura,2022.0,0.0,0.4643787182123549,0.5356212817876452,0.0
12086006603,Other,False,False,0,0,1.1534002356462778,MiamiCentral,2018.0,0.0,0.15595854612044854,0.8440414538795075,0.0
12086000908,Other,False,False,0,0,6.986070367284266,MiamiCentral,2018.0,0.0,0.0,0.0,0.0
12086012701,Other,False,False,0,0,13.469371318274085,Aventura,2022.0,0.0,0.0,0.0,0.0
12086000508,Other,False,False,0,0,7.954354750661454,MiamiCentral,2018.0,0.0,0.0,0.0,0.0
12086010019,Other,False,False,0,0,7.601530923564152,Aventura,2022.0,0.0,0.0,0.0,0.0
12086012102,Other,False,False,0,0,10.401466358971158,Aventura,2022.0,0.0,0.0,0.0,0.0
12086009325,Other,False,False,0,0,10.111210193949344,MiamiCentral,2018.0,0.0,0.0,0.0,0.0
12086011701,Other,False,False,0,0,9.374115825139729,Aventura,2022.0,0.0,0.0,0.0,0.0
12086011702,Other,False,False,0,0,9.445786426069743,Aventura,2022.0,0.0,0.0,0.0,0.0
12086013301,Other,False,False,0,0,11.565604967958866,MiamiCentral,2018.0,0.0,0.0,0.0,0.0
12086009053,Other,False,False,0,0,9.054990822197318,MiamiCentral,2018.0,0.0,0.0,0.0,0.0
12086015103,Other,False,False,0,0,16.36761946921922,MiamiCentral,2018.0,0.0,0.0,0.0,0.0
12086012101,Other,False,False,0,0,11.017538818609639,Aventura,2022.0,0.0,0.0,0.0,0.0
12073002516,Leon,False,True,0,1,221.037117076771,Orlando,2023.0,0.0,0.0,0.0,0.0
12073002514,Leon,False,True,0,1,224.74368922285535,Orlando,2023.0,0.0,0.0,0.0,0.0
12073002423,Leon,False,True,0,1,230.4808434943019,Orlando,2023.0,0.0,0.0,0.0,0.0
12073002007,Leon,False,True,0,1,228.93226155338306,Orlando,2023.0,0.0,0.0,0.0,0.0
12031016400,Duval,False,True,0,1,130.3298118691898,Orlando,2023.0,0.0,0.0,0.0,0.0
12031000300,Duval,False,True,0,1,135.16898572171132,Orlando,2023.0,0.0,0.0,0.0,0.0
12031000600,Duval,False,True,0,1,132.0293974996018,Orlando,2023.0,0.0,0.0,0.0,0.0
12031000700,Duval,False,True,0,1,131.62662430451627,Orlando,2023.0,0.0,0.0,0.0,0.0
12031001100,Duval,False,True,0,1,134.63702987898958,Orlando,2023.0,0.0,0.0,0.0,0.0
12031001300,Duval,False,True,0,1,135.95533218279598,Orlando,2023.0,0.0,0.0,0.0,0.0
12031001600,Duval,False,True,0,1,135.11459264264636,Orlando,2023.0,0.0,0.0,0.0,0.0
12031002802,Duval,False,True,0,1,135.25357713779724,Orlando,2023.0,0.0,0.0,0.0,0.0
12031002200,Duval,False,True,0,1,132.00206708409246,Orlando,2023.0,0.0,0.0,0.0,0.0
12031010101,Duval,False,True,0,1,145.30372756223247,Orlando,2023.0,0.0,0.0,0.0,0.0
12031010900,Duval,False,True,0,1,139.58827291122486,Orlando,2023.0,0.0,0.0,0.0,0.0
12031011100,Duval,False,True,0,1,138.48369580660685,Orlando,2023.0,0.0,0.0,0.0,0.0
12031012702,Duval,False,True,0,1,131.55987523142025,Orlando,2023.0,0.0,0.0,0.0,0.0
12031011700,Duval,False,True,0,1,137.07403315477296,Orlando,2023.0,0.0,0.0,0.0,0.0
12031012300,Duval,False,True,0,1,132.34011418646259,Orlando,2023.0,0.0,0.0,0.0,0.0
12031012601,Duval,False,True,0,1,132.67940421283802,Orlando,2023.0,0.0,0.0,0.0,0.0
12031012800,Duval,False,True,0,1,130.33991310573572,Orlando,2023.0,0.0,0.0,0.0,0.0
12031013000,Duval,False,True,0,1,129.8904919852401,Orlando,2023.0,0.0,0.0,0.0,0.0
12031014311,Duval,False,True,0,1,131.40616815203794,Orlando,2023.0,0.0,0.0,0.0,0.0
12031014601,Duval,False,True,0,1,136.52465189181646,Orlando,2023.0,0.0,0.0,0.0,0.0
12031015002,Duval,False,True,0,1,133.4190078400398,Orlando,2023.0,0.0,0.0,0.0,0.0
12031015100,Duval,False,True,0,1,134.13803823496744,Orlando,2023.0,0.0,0.0,0.0,0.0
12031016300,Duval,False,True,0,1,129.84317724057547,Orlando,2023.0,0.0,0.0,0.0,0.0
12099007772,Palm Beach,True,False,0,0,14.224820065446888,Boca Raton,2022.0,0.0,0.0,0.0,0.0
12095016413,Orange,True,False,0,0,11.62849209319175,Orlando,2023.0,0.0,0.0,0.0,0.0
12095013507,Orange,True,False,0,0,3.6990438114911908,Orlando,2023.0,0.0,0.0,0.0,0.07316711860126288
12095016750,Orange,True,False,0,0,12.735233077701468,Orlando,2023.0,0.0,0.0,0.0,0.0
12095015005,Orange,True,False,0,0,17.017445730977673,Orlando,2023.0,0.0,0.0,0.0,0.0
12095016515,Orange,True,False,0,0,14.664488006907067,Orlando,2023.0,0.0,0.0,0.0,0.0
12095016813,Orange,True,False,0,0,5.206695651237787,Orlando,2023.0,0.0,0.0,0.0,0.0
12095017123,Orange,True,False,0,0,11.339198612421754,Orlando,2023.0,0.0,0.0,0.0,0.0
12073001801,Leon,False,True,0,1,225.87165469539158,Orlando,2023.0,0.0,0.0,0.0,0.0
12073002003,Leon,False,True,0,1,230.37505638591256,Orlando,2023.0,0.0,0.0,0.0,0.0
12073002208,Leon,False,True,0,1,232.9077835117675,Orlando,2023.0,0.0,0.0,0.0,0.0
12073000600,Leon,False,True,0,1,228.14140477891652,Orlando,2023.0,0.0,0.0,0.0,0.0
12073001001,Leon,False,True,0,1,225.84886246582312,Orlando,2023.0,0.0,0.0,0.0,0.0
12073001401,Leon,False,True,0,1,228.796606981033,Orlando,2023.0,0.0,0.0,0.0,0.0
12073001402,Leon,False,True,0,1,229.0770148993699,Orlando,2023.0,0.0,0.0,0.0,0.0
12073002201,Leon,False,True,0,1,231.37386797190229,Orlando,2023.0,0.0,0.0,0.0,0.0
12073002410,Leon,False,True,0,1,227.31213267428018,Orlando,2023.0,0.0,0.0,0.0,0.0
12073002604,Leon,False,True,0,1,216.8775279922295,Orlando,2023.0,0.0,0.0,0.0,0.0
12073002702,Leon,False,True,0,1,236.76536182570462,Orlando,2023.0,0.0,0.0,0.0,0.0
12001002202,Alachua,False,True,0,1,110.76468413202636,Orlando,2023.0,0.0,0.0,0.0,0.0
12001002204,Alachua,False,True,0,1,112.35260355127637,Orlando,2023.0,0.0,0.0,0.0,0.0
12001000500,Alachua,False,True,0,1,105.35365568418399,Orlando,2023.0,0.0,0.0,0.0,0.0
12001001201,Alachua,False,True,0,1,109.77888889859689,Orlando,2023.0,0.0,0.0,0.0,0.0
12001001802,Alachua,False,True,0,1,116.03884362736954,Orlando,2023.0,0.0,0.0,0.0,0.0
12011020320,Broward,True,False,0,0,11.18057649835144,Fort Lauderdale,2018.0,0.0,0.0,0.0,0.0
12011030402,Broward,True,False,0,0,7.9689527912417235,Fort Lauderdale,2018.0,0.0,0.0,0.0,0.0
12011040901,Broward,True,False,0,0,2.1137741929813942,Fort Lauderdale,2018.0,0.0,0.0,0.33432892178530477,0.6628181873993737
12011020404,Broward,True,False,0,0,7.530576547986287,Fort Lauderdale,2018.0,0.0,0.0,0.0,0.0
12011010702,Broward,True,False,0,0,4.9656642841185015,Boca Raton,2022.0,0.0,0.0,0.0,0.0
12011060119,Broward,True,False,0,0,10.575024828246441,Fort Lauderdale,2018.0,0.0,0.0,0.0,0.0
12011070316,Broward,True,False,0,0,12.67036890232997,Fort Lauderdale,2018.0,0.0,0.0,0.0,0.0
12011050900,Broward,True,False,0,0,2.603572342154657,Fort Lauderdale,2018.0,0.0,0.0,0.008446327368569383,0.9773563825686512
12011100700,Broward,True,False,0,0,3.581709109568579,Aventura,2022.0,0.0,0.0,0.0,0.06044147108682125
12011090401,Broward,True,False,0,0,4.5022324438548775,Aventura,2022.0,0.0,0.0,0.0,0.0
12011010601,Broward,True,False,0,0,10.45754885861262,Boca Raton,2022.0,0.0,0.0,0.0,0.0
12011110100,Broward,True,False,0,0,6.060627676226969,Aventura,2022.0,0.0,0.0,0.0,0.0
12011010605,Broward,True,False,0,0,9.148081889339188,Boca Raton,2022.0,0.0,0.0,0.0,0.0
12011110321,Broward,True,False,0,0,10.880480689957457,Aventura,2022.0,0.0,0.0,0.0,0.0
12011110323,Broward,True,False,0,0,7.248455038905009,Aventura,2022.0,0.0,0.0,0.0,0.0
12011020319,Broward,True,False,0,0,11.807752595962501,Fort Lauderdale,2018.0,0.0,0.0,0.0,0.0
12011030100,Broward,True,False,0,0,5.855803210439716,Boca Raton,2022.0,0.0,0.0,0.0,0.0
12011050800,Broward,True,False,0,0,3.0474250713150326,Fort Lauderdale,2018.0,0.0,0.0,0.0,0.40538437772867464
12011070306,Broward,True,False,0,0,12.350059339022524,Fort Lauderdale,2018.0,0.0,0.0,0.0,0.0
12011060401,Broward,True,False,0,0,4.615930976130833,Fort Lauderdale,2018.0,0.0,0.0,0.0,0.0
12011020308,Broward,True,False,0,0,10.147771270878941,Boca Raton,2022.0,0.0,0.0,0.0,0.0
12011030302,Broward,True,False,0,0,6.572968659057207,Boca Raton,2022.0,0.0,0.0,0.0,0.0
12011041900,Broward,True,False,1,0,0.9648898819139001,Fort Lauderdale,2018.0,0.0,0.5068883354585216,0.4931116645414727,0.0
12011042700,Broward,True,False,0,0,1.456485816375817,Fort Lauderdale,2018.0,0.0,0.059395398587432466,0.8642949346636445,0.07630966674893132
12011050301,Broward,True,False,0,0,4.563499633730897,Fort Lauderdale,2018.0,0.0,0.0,0.0,0.0
12011090502,Broward,True,False,0,0,5.959419450561653,Aventura,2022.0,0.0,0.0,0.0,0.0
12011060900,Broward,True,False,0,0,5.308544470890579,Fort Lauderdale,2018.0,0.0,0.0,0.0,0.0
12011060115,Broward,True,False,0,0,9.581361187913899,Fort Lauderdale,2018.0,0.0,0.0,0.0,0.0
12011070314,Broward,True,False,0,0,17.161060346114954,Fort Lauderdale,2018.0,0.0,0.0,0.0,0.0
12021000301,Collier,False,True,0,1,103.06398688899866,Fort Lauderdale,2018.0,0.0,0.0,0.0,0.0
12021010801,Collier,False,True,0,1,97.89401155580502,MiamiCentral,2018.0,0.0,0.0,0.0,0.0
12021010411,Collier,False,True,0,1,96.46482813677446,Fort Lauderdale,2018.0,0.0,0.0,0.0,0.0
12021000200,Collier,False,True,0,1,102.32982726996136,Fort Lauderdale,2018.0,0.0,0.0,0.0,0.0
12021010300,Collier,False,True,0,1,102.45267120326487,Fort Lauderdale,2018.0,0.0,0.0,0.0,0.0
12021010210,Collier,False,True,0,1,101.61757263449287,Fort Lauderdale,2018.0,0.0,0.0,0.0,0.0
12095015300,Orange,True,False,0,0,13.576050381557838,Orlando,2023.0,0.0,0.0,0.0,0.0
12095016301,Orange,True,False,0,0,13.18651553010396,Orlando,2023.0,0.0,0.0,0.0,0.0
12086001101,Other,False,False,0,0,6.158858773299544,Aventura,2022.0,0.0,0.0,0.0,0.0
12086001006,Other,False,False,0,0,5.046707390760825,MiamiCentral,2018.0,0.0,0.0,0.0,0.0
12086001003,Other,False,False,0,0,5.5743828777055455,MiamiCentral,2018.0,0.0,0.0,0.0,0.0
12086000603,Other,False,False,0,0,8.000678823781096,MiamiCentral,2018.0,0.0,0.0,0.0,0.0
12086000410,Other,False,False,0,0,6.58788080004772,Aventura,2022.0,0.0,0.0,0.0,0.0
12086000405,Other,False,False,0,0,6.2257361932464566,Aventura,2022.0,0.0,0.0,0.0,0.0
12086000413,Other,False,False,0,0,5.9613701820461396,Aventura,2022.0,0.0,0.0,0.0,0.0
12086000308,Other,False,False,0,0,5.412338742439324,Aventura,2022.0,0.0,0.0,0.0,0.0
12086000206,Other,False,False,0,0,2.86113878948503,Aventura,2022.0,0.0,0.0,0.0,0.6492090126074204
12086000213,Other,False,False,0,0,2.7184520618741375,Aventura,2022.0,0.0,0.0,0.0,0.8855295085369369
12086016800,Other,False,False,0,0,15.043896630206644,MiamiCentral,2018.0,0.0,0.0,0.0,0.0
12086980900,Other,False,False,0,0,18.887456995240527,MiamiCentral,2018.0,0.0,0.0,0.0,0.0
12086016600,Other,False,False,0,0,16.23695263914402,MiamiCentral,2018.0,0.0,0.0,0.0,0.0
12086010010,Other,False,False,0,0,7.631874453109968,Aventura,2022.0,0.0,0.0,0.0,0.0
12086000805,Other,False,False,0,0,5.837858503451872,MiamiCentral,2018.0,0.0,0.0,0.0,0.0
12086000804,Other,False,False,0,0,6.3112350132946355,MiamiCentral,2018.0,0.0,0.0,0.0,0.0
12086006302,Other,False,False,0,0,3.6246835836276348,MiamiCentral,2018.0,0.0,0.0,0.0,0.0
12086009315,Other,False,False,0,0,10.013648657746856,MiamiCentral,2018.0,0.0,0.0,0.0,0.0
12086005202,Other,False,False,0,0,0.9959236150298941,MiamiCentral,2018.0,0.0,0.48326921475638196,0.5167307852436153,0.0
12086004106,Other,False,False,0,0,3.5166361299207627,MiamiCentral,2018.0,0.0,0.0,0.0,0.18769389924241905
12086004000,Other,False,False,0,0,4.254382453615848,MiamiCentral,2018.0,0.0,0.0,0.0,0.0004025649235611712
12086003919,Other,False,False,0,0,5.7598335499745605,MiamiCentral,2018.0,0.0,0.0,0.0,0.0
12086003911,Other,False,False,0,0,6.6320640701739,Aventura,2022.0,0.0,0.0,0.0,0.0
12086003801,Other,False,False,0,0,5.354870928765332,Aventura,2022.0,0.0,0.0,0.0,0.0
12086002300,Other,False,False,0,0,2.825688518195485,MiamiCentral,2018.0,0.0,0.0,0.0,0.7667003462450115
12086002202,Other,False,False,0,0,2.6858469373722467,MiamiCentral,2018.0,0.0,0.0,0.0,0.8306201402355592
12086000115,Other,False,False,0,0,1.69896557539838,Aventura,2022.0,0.0,0.0,0.9259762865832049,0.07402371341680093
12086011500,Other,False,False,0,0,31.67459379013991,MiamiCentral,2018.0,0.0,0.0,0.0,0.0
12086010207,Other,False,False,0,0,16.862081688886853,MiamiCentral,2018.0,0.0,0.0,0.0,0.0
12086010209,Other,False,False,0,0,18.789365403478108,MiamiCentral,2018.0,0.0,0.0,0.0,0.0
12086010201,Other,False,False,0,0,20.556017729364687,MiamiCentral,2018.0,0.0,0.0,0.0,0.0
12086004901,Other,False,False,0,0,4.295490489034099,MiamiCentral,2018.0,0.0,0.0,0.0,0.0
12086006402,Other,False,False,0,0,2.2820811531001013,MiamiCentral,2018.0,0.0,0.0,0.017142222899914055,0.9828577771000848
12086005304,Other,False,False,0,0,1.6539987159089662,MiamiCentral,2018.0,0.0,0.0,1.0,0.0
12086007101,Other,False,False,0,0,4.686772623256806,MiamiCentral,2018.0,0.0,0.0,0.0,0.0
12086009903,Other,False,False,0,0,5.541669643710727,Aventura,2022.0,0.0,0.0,0.0,0.0
12057013207,Hillsborough,False,True,0,1,63.982442423539645,Orlando,2023.0,0.0,0.0,0.0,0.0
12057012800,Hillsborough,False,True,0,1,55.8160618792321,Orlando,2023.0,0.0,0.0,0.0,0.0
12057012501,Hillsborough,False,True,0,1,59.874028224367436,Orlando,2023.0,0.0,0.0,0.0,0.0
12057013003,Hillsborough,False,True,0,1,59.08963704374121,Orlando,2023.0,0.0,0.0,0.0,0.0
12057011410,Hillsborough,False,True,0,1,79.5266896513853,Orlando,2023.0,0.0,0.0,0.0,0.0
12057011516,Hillsborough,False,True,0,1,76.61548298875145,Orlando,2023.0,0.0,0.0,0.0,0.0
12057011416,Hillsborough,False,True,0,1,78.28227630992455,Orlando,2023.0,0.0,0.0,0.0,0.0
12057012600,Hillsborough,False,True,0,1,57.538979632888854,Orlando,2023.0,0.0,0.0,0.0,0.0
12086009503,Other,False,False,0,0,5.784789532870418,Aventura,2022.0,0.0,0.0,0.0,0.0
12086008415,Other,False,False,0,0,13.357251732506876,MiamiCentral,2018.0,0.0,0.0,0.0,0.0
12086008309,Other,False,False,0,0,15.635065500489027,MiamiCentral,2018.0,0.0,0.0,0.0,0.0
12086008000,Other,False,False,0,0,8.656698289469233,MiamiCentral,2018.0,0.0,0.0,0.0,0.0
12086002003,Other,False,False,0,0,3.3928356060044527,MiamiCentral,2018.0,0.0,0.0,0.0,0.0
12086001801,Other,False,False,0,0,4.0391505097683025,MiamiCentral,2018.0,0.0,0.0,0.0,0.0
12086001302,Other,False,False,0,0,4.269014383390699,MiamiCentral,2018.0,0.0,0.0,0.0,0.0
12086001205,Other,False,False,0,0,6.284691308601119,Aventura,2022.0,0.0,0.0,0.0,0.0
12086001206,Other,False,False,0,0,6.091664238543039,MiamiCentral,2018.0,0.0,0.0,0.0,0.0
12057007200,Hillsborough,False,True,0,1,83.95591246400771,Orlando,2023.0,0.0,0.0,0.0,0.0
12057011108,Hillsborough,False,True,0,1,73.82470176963932,Orlando,2023.0,0.0,0.0,0.0,0.0
12057011301,Hillsborough,False,True,0,1,76.02688890888952,Orlando,2023.0,0.0,0.0,0.0,0.0
12057011205,Hillsborough,False,True,0,1,75.05453115008554,Orlando,2023.0,0.0,0.0,0.0,0.0
12057011206,Hillsborough,False,True,0,1,74.2371292267017,Orlando,2023.0,0.0,0.0,0.0,0.0
12057010811,Hillsborough,False,True,0,1,69.84486092560307,Orlando,2023.0,0.0,0.0,0.0,0.0
12057010106,Hillsborough,False,True,0,1,57.60712763632586,Orlando,2023.0,0.0,0.0,0.0,0.0
12057000402,Hillsborough,False,True,0,1,74.6960883382131,Orlando,2023.0,0.0,0.0,0.0,0.0
12057000602,Hillsborough,False,True,0,1,74.92234050095834,Orlando,2023.0,0.0,0.0,0.0,0.0
12057010304,Hillsborough,False,True,0,1,63.77956978943719,Orlando,2023.0,0.0,0.0,0.0,0.0
12057013505,Hillsborough,False,True,0,1,72.03674600835252,Orlando,2023.0,0.0,0.0,0.0,0.0
12057011708,Hillsborough,False,True,0,1,81.9626107057353,Orlando,2023.0,0.0,0.0,0.0,0.0
12057001100,Hillsborough,False,True,0,1,74.237354469067,Orlando,2023.0,0.0,0.0,0.0,0.0
12057000800,Hillsborough,False,True,0,1,73.08447898849447,Orlando,2023.0,0.0,0.0,0.0,0.0
12057002900,Hillsborough,False,True,0,1,76.57832570993546,Orlando,2023.0,0.0,0.0,0.0,0.0
12057003100,Hillsborough,False,True,0,1,75.32799756924562,Orlando,2023.0,0.0,0.0,0.0,0.0
12057003500,Hillsborough,False,True,0,1,74.63669783764787,Orlando,2023.0,0.0,0.0,0.0,0.0
12057003800,Hillsborough,False,True,0,1,74.81470623894452,Orlando,2023.0,0.0,0.0,0.0,0.0
12057010600,Hillsborough,False,True,0,1,70.90327133019088,Orlando,2023.0,0.0,0.0,0.0,0.0
12057003600,Hillsborough,False,True,0,1,73.3433777675118,Orlando,2023.0,0.0,0.0,0.0,0.0
12057005900,Hillsborough,False,True,0,1,81.21872615251146,Orlando,2023.0,0.0,0.0,0.0,0.0
12057006600,Hillsborough,False,True,0,1,81.38907826343956,Orlando,2023.0,0.0,0.0,0.0,0.0
12057004800,Hillsborough,False,True,0,1,79.01062674016771,Orlando,2023.0,0.0,0.0,0.0,0.0
12057013907,Hillsborough,False,True,0,1,74.13605205962091,Orlando,2023.0,0.0,0.0,0.0,0.0
12057013001,Hillsborough,False,True,0,1,54.38111178182638,Orlando,2023.0,0.0,0.0,0.0,0.0
12057013903,Hillsborough,False,True,0,1,65.88199179059839,Orlando,2023.0,0.0,0.0,0.0,0.0
12057001900,Hillsborough,False,True,0,1,74.22273612730415,Orlando,2023.0,0.0,0.0,0.0,0.0
12086002501,Other,False,False,0,0,2.2739957670167894,MiamiCentral,2018.0,0.0,0.0,0.06912602181260244,0.9308739781873937
12086009021,Other,False,False,0,0,11.31678684487394,MiamiCentral,2018.0,0.0,0.0,0.0,0.0
12086002403,Other,False,False,0,0,3.1380217171212657,MiamiCentral,2018.0,0.0,0.0,0.0,0.21821084648439115
12086004703,Other,False,False,0,0,5.616869136807931,MiamiCentral,2018.0,0.0,0.0,0.0,0.0
12086018100,Other,False,False,0,0,16.649418454789462,MiamiCentral,2018.0,0.0,0.0,0.0,0.0
12071050305,Lee,False,True,0,1,105.44234207862984,Fort Lauderdale,2018.0,0.0,0.0,0.0,0.0
12071010803,Lee,False,True,0,1,115.81991286740298,Fort Lauderdale,2018.0,0.0,0.0,0.0,0.0
12071010306,Lee,False,True,0,1,118.08516833713004,Boca Raton,2022.0,0.0,0.0,0.0,0.0
12071010602,Lee,False,True,0,1,115.9526959765956,Fort Lauderdale,2018.0,0.0,0.0,0.0,0.0
12071010801,Lee,False,True,0,1,117.29198331415398,Fort Lauderdale,2018.0,0.0,0.0,0.0,0.0
12071060202,Lee,False,True,0,1,109.8798262938228,Fort Lauderdale,2018.0,0.0,0.0,0.0,0.0
12071000600,Lee,False,True,0,1,110.21781580352715,Boca Raton,2022.0,0.0,0.0,0.0,0.0
12071001300,Lee,False,True,0,1,110.91195632405679,Fort Lauderdale,2018.0,0.0,0.0,0.0,0.0
12071000700,Lee,False,True,0,1,111.64365214871921,Boca Raton,2022.0,0.0,0.0,0.0,0.0
12071010411,Lee,False,True,0,1,118.0555129338468,Fort Lauderdale,2018.0,0.0,0.0,0.0,0.0
12071001903,Lee,False,True,0,1,114.89593390829151,Fort Lauderdale,2018.0,0.0,0.0,0.0,0.0
12095017808,Orange,True,False,0,0,21.4851147365532,Orlando,2023.0,0.0,0.0,0.0,0.0
12095014703,Orange,True,False,0,0,12.187928867441192,Orlando,2023.0,0.0,0.0,0.0,0.0
12095014811,Orange,True,False,0,0,11.601560624242355,Orlando,2023.0,0.0,0.0,0.0,0.0
12095011701,Orange,True,False,0,0,11.200626192680248,Orlando,2023.0,0.0,0.0,0.0,0.0
12095016902,Orange,True,False,0,0,7.2655129592151,Orlando,2023.0,0.0,0.0,0.0,0.0
12095011600,Orange,True,False,0,0,9.573970864669368,Orlando,2023.0,0.0,0.0,0.0,0.0
12095016904,Orange,True,False,0,0,7.947673879389254,Orlando,2023.0,0.0,0.0,0.0,0.0
12095015601,Orange,True,False,0,0,15.525169586562601,Orlando,2023.0,0.0,0.0,0.0,0.0
12095015801,Orange,True,False,0,0,14.010513875451132,Orlando,2023.0,0.0,0.0,0.0,0.0
12095010802,Orange,True,False,0,0,10.663303728891927,Orlando,2023.0,0.0,0.0,0.0,0.0
12095012800,Orange,True,False,0,0,11.586870106504627,Orlando,2023.0,0.0,0.0,0.0,0.0
12095015802,Orange,True,False,0,0,14.112061204645261,Orlando,2023.0,0.0,0.0,0.0,0.0
12095012900,Orange,True,False,0,0,10.488801806782664,Orlando,2023.0,0.0,0.0,0.0,0.0
12095017001,Orange,True,False,0,0,8.722493755096467,Orlando,2023.0,0.0,0.0,0.0,0.0
12095017504,Orange,True,False,0,0,19.31964898885605,Orlando,2023.0,0.0,0.0,0.0,0.0
12095014301,Orange,True,False,0,0,6.809466099802989,Orlando,2023.0,0.0,0.0,0.0,0.0
12095014804,Orange,True,False,0,0,15.867087932603084,Orlando,2023.0,0.0,0.0,0.0,0.0
12095016802,Orange,True,False,0,0,1.216252740225697,Orlando,2023.0,0.022152111390586163,0.06645633417175884,0.24729939098035553,0.30709648122346445
12095010500,Orange,True,False,0,0,10.02571391513206,Orlando,2023.0,0.0,0.0,0.0,0.0
12095010400,Orange,True,False,0,0,9.786086199592598,Orlando,2023.0,0.0,0.0,0.0,0.0
12095013900,Orange,True,False,0,0,7.443162439770834,Orlando,2023.0,0.0,0.0,0.0,0.0
12095013300,Orange,True,False,0,0,8.316778260656093,Orlando,2023.0,0.0,0.0,0.0,0.0
12095017006,Orange,True,False,0,0,7.614510618651287,Orlando,2023.0,0.0,0.0,0.0,0.0
12095016412,Orange,True,False,0,0,12.416322206998947,Orlando,2023.0,0.0,0.0,0.0,0.0
12095016716,Orange,True,False,0,0,8.329754760307157,Orlando,2023.0,0.0,0.0,0.0,0.0
12095017702,Orange,True,False,0,0,22.72966357202258,Orlando,2023.0,0.0,0.0,0.0,0.0
12095017503,Orange,True,False,0,0,20.040624291459885,Orlando,2023.0,0.0,0.0,0.0,0.0
12071030300,Lee,False,True,0,1,96.6753726924263,West Palm Beach,2018.0,0.0,0.0,0.0,0.0
12071040205,Lee,False,True,0,1,100.42292394575456,West Palm Beach,2018.0,0.0,0.0,0.0,0.0
12071040302,Lee,False,True,0,1,100.54471700788345,Boca Raton,2022.0,0.0,0.0,0.0,0.0
12071040312,Lee,False,True,0,1,95.54297974471413,Boca Raton,2022.0,0.0,0.0,0.0,0.0
12071040207,Lee,False,True,0,1,94.74461216435644,Boca Raton,2022.0,0.0,0.0,0.0,0.0
12071040305,Lee,False,True,0,1,97.44408844779265,Boca Raton,2022.0,0.0,0.0,0.0,0.0
12115001000,Sarasota,False,True,0,1,104.02961704694823,Orlando,2023.0,0.0,0.0,0.0,0.0
12115000405,Sarasota,False,True,0,1,103.69190667712972,Orlando,2023.0,0.0,0.0,0.0,0.0
12115001101,Sarasota,False,True,0,1,103.06747534709868,Orlando,2023.0,0.0,0.0,0.0,0.0
12115000300,Sarasota,False,True,0,1,104.29695245686804,Orlando,2023.0,0.0,0.0,0.0,0.0
12115000503,Sarasota,False,True,0,1,104.8057113087296,Orlando,2023.0,0.0,0.0,0.0,0.0
12115002507,Sarasota,False,True,0,1,115.80322097910876,Orlando,2023.0,0.0,0.0,0.0,0.0
12115001204,Sarasota,False,True,0,1,100.56976517178806,Orlando,2023.0,0.0,0.0,0.0,0.0
12115001302,Sarasota,False,True,0,1,102.7304628076971,Orlando,2023.0,0.0,0.0,0.0,0.0
12115001304,Sarasota,False,True,0,1,104.12260401137449,Orlando,2023.0,0.0,0.0,0.0,0.0
12115001704,Sarasota,False,True,0,1,106.61591332410433,Orlando,2023.0,0.0,0.0,0.0,0.0
12115000602,Sarasota,False,True,0,1,106.35583330317658,Orlando,2023.0,0.0,0.0,0.0,0.0
12115001904,Sarasota,False,True,0,1,109.1612148441712,Orlando,2023.0,0.0,0.0,0.0,0.0
12115001903,Sarasota,False,True,0,1,108.48936834459435,Orlando,2023.0,0.0,0.0,0.0,0.0
12115002509,Sarasota,False,True,0,1,116.5926424969593,Orlando,2023.0,0.0,0.0,0.0,0.0
12115001803,Sarasota,False,True,0,1,107.28000180962447,Orlando,2023.0,0.0,0.0,0.0,0.0
12115002716,Sarasota,False,True,0,1,111.11509926321209,Orlando,2023.0,0.0,0.0,0.0,0.0
12057012503,Hillsborough,False,True,0,1,59.01152060870377,Orlando,2023.0,0.0,0.0,0.0,0.0
12057013919,Hillsborough,False,True,0,1,71.42334605930546,Orlando,2023.0,0.0,0.0,0.0,0.0
12057013913,Hillsborough,False,True,0,1,76.31446654004938,Orlando,2023.0,0.0,0.0,0.0,0.0
12057013806,Hillsborough,False,True,0,1,73.89574803588755,Orlando,2023.0,0.0,0.0,0.0,0.0
12057013917,Hillsborough,False,True,0,1,73.9526886078899,Orlando,2023.0,0.0,0.0,0.0,0.0
12057013411,Hillsborough,False,True,0,1,71.21557485317057,Orlando,2023.0,0.0,0.0,0.0,0.0
12057010211,Hillsborough,False,True,0,1,66.48348698098546,Orlando,2023.0,0.0,0.0,0.0,0.0
12057011013,Hillsborough,False,True,0,1,67.43635584109356,Orlando,2023.0,0.0,0.0,0.0,0.0
12057006103,Hillsborough,False,True,0,1,79.70420433568853,Orlando,2023.0,0.0,0.0,0.0,0.0
12057007002,Hillsborough,False,True,0,1,82.37145787962122,Orlando,2023.0,0.0,0.0,0.0,0.0
12057014008,Hillsborough,False,True,0,1,78.83432906076835,Orlando,2023.0,0.0,0.0,0.0,0.0
12057013801,Hillsborough,False,True,0,1,77.62701177976764,Orlando,2023.0,0.0,0.0,0.0,0.0
12057011905,Hillsborough,False,True,0,1,77.09471283519657,Orlando,2023.0,0.0,0.0,0.0,0.0
12115002720,Sarasota,False,True,0,1,113.53703121644976,Orlando,2023.0,0.0,0.0,0.0,0.0
12115002723,Sarasota,False,True,0,1,111.23427413301346,Orlando,2023.0,0.0,0.0,0.0,0.0
12115001403,Sarasota,False,True,0,1,103.13592241591513,Orlando,2023.0,0.0,0.0,0.0,0.0
12057000102,Hillsborough,False,True,0,1,71.98897873746309,Orlando,2023.0,0.0,0.0,0.0,0.0
12057000201,Hillsborough,False,True,0,1,73.7235761091033,Orlando,2023.0,0.0,0.0,0.0,0.0
12057000902,Hillsborough,False,True,0,1,72.04110707414898,Orlando,2023.0,0.0,0.0,0.0,0.0
12057012211,Hillsborough,False,True,0,1,70.47530535262919,Orlando,2023.0,0.0,0.0,0.0,0.0
12057013604,Hillsborough,False,True,0,1,75.46866828921593,Orlando,2023.0,0.0,0.0,0.0,0.0
12057980400,Hillsborough,False,True,0,1,62.15063587959203,Orlando,2023.0,0.0,0.0,0.0,0.0
12057011016,Hillsborough,False,True,0,1,68.51475827581956,Orlando,2023.0,0.0,0.0,0.0,0.0
12057010900,Hillsborough,False,True,0,1,71.05552054383769,Orlando,2023.0,0.0,0.0,0.0,0.0
12057011203,Hillsborough,False,True,0,1,75.19724140410631,Orlando,2023.0,0.0,0.0,0.0,0.0
12057011523,Hillsborough,False,True,0,1,76.77631233502454,Orlando,2023.0,0.0,0.0,0.0,0.0
12057011417,Hillsborough,False,True,0,1,78.43139958174817,Orlando,2023.0,0.0,0.0,0.0,0.0
12057011514,Hillsborough,False,True,0,1,77.36896602877847,Orlando,2023.0,0.0,0.0,0.0,0.0
12057011610,Hillsborough,False,True,0,1,81.43000840905853,Orlando,2023.0,0.0,0.0,0.0,0.0
12057011614,Hillsborough,False,True,0,1,82.81992403665832,Orlando,2023.0,0.0,0.0,0.0,0.0
12057012209,Hillsborough,False,True,0,1,64.48606540486087,Orlando,2023.0,0.0,0.0,0.0,0.0
12031002102,Duval,False,True,0,1,132.07868723883303,Orlando,2023.0,0.0,0.0,0.0,0.0
12031012703,Duval,False,True,0,1,132.03481221353823,Orlando,2023.0,0.0,0.0,0.0,0.0
12031014408,Duval,False,True,0,1,128.5880725512993,Orlando,2023.0,0.0,0.0,0.0,0.0
12031015501,Duval,False,True,0,1,132.70508873932306,Orlando,2023.0,0.0,0.0,0.0,0.0
12031017300,Duval,False,True,0,1,133.29922299600418,Orlando,2023.0,0.0,0.0,0.0,0.0
12031013906,Duval,False,True,0,1,134.04155229398387,Orlando,2023.0,0.0,0.0,0.0,0.0
12031012704,Duval,False,True,0,1,130.6740543464452,Orlando,2023.0,0.0,0.0,0.0,0.0
12031013404,Duval,False,True,0,1,129.4029933897508,Orlando,2023.0,0.0,0.0,0.0,0.0
12031014203,Duval,False,True,0,1,127.59743664860396,Orlando,2023.0,0.0,0.0,0.0,0.0
12031014329,Duval,False,True,0,1,132.86528700768278,Orlando,2023.0,0.0,0.0,0.0,0.0
12031014342,Duval,False,True,0,1,131.29319101458154,Orlando,2023.0,0.0,0.0,0.0,0.0
12031016813,Duval,False,True,0,1,118.8326291563598,Orlando,2023.0,0.0,0.0,0.0,0.0
12031014416,Duval,False,True,0,1,128.55889301041873,Orlando,2023.0,0.0,0.0,0.0,0.0
12031013732,Duval,False,True,0,1,131.24401924809652,Orlando,2023.0,0.0,0.0,0.0,0.0
12031010203,Duval,False,True,0,1,141.40209411197526,Orlando,2023.0,0.0,0.0,0.0,0.0
12031014340,Duval,False,True,0,1,131.51798740486697,Orlando,2023.0,0.0,0.0,0.0,0.0
12031001401,Duval,False,True,0,1,137.51619028002958,Orlando,2023.0,0.0,0.0,0.0,0.0
12031014344,Duval,False,True,0,1,131.61161583278678,Orlando,2023.0,0.0,0.0,0.0,0.0
12031015804,Duval,False,True,0,1,131.16490652494662,Orlando,2023.0,0.0,0.0,0.0,0.0
12031014425,Duval,False,True,0,1,124.25524106876378,Orlando,2023.0,0.0,0.0,0.0,0.0
12031013730,Duval,False,True,0,1,126.37199611810574,Orlando,2023.0,0.0,0.0,0.0,0.0
12031013729,Duval,False,True,0,1,128.2358962865943,Orlando,2023.0,0.0,0.0,0.0,0.0
12031013731,Duval,False,True,0,1,126.6034074294333,Orlando,2023.0,0.0,0.0,0.0,0.0
12031001402,Duval,False,True,0,1,136.7578107606189,Orlando,2023.0,0.0,0.0,0.0,0.0
12031016731,Duval,False,True,0,1,124.43310464945054,Orlando,2023.0,0.0,0.0,0.0,0.0
12071080202,Lee,False,True,0,1,120.08698895339295,Fort Lauderdale,2018.0,0.0,0.0,0.0,0.0
12071040117,Lee,False,True,0,1,107.53725273735252,Fort Lauderdale,2018.0,0.0,0.0,0.0,0.0
12071001912,Lee,False,True,0,1,115.31377954617302,Fort Lauderdale,2018.0,0.0,0.0,0.0,0.0
12071080203,Lee,False,True,0,1,123.42926925905735,Fort Lauderdale,2018.0,0.0,0.0,0.0,0.0
12071040208,Lee,False,True,0,1,97.39013972749557,West Palm Beach,2018.0,0.0,0.0,0.0,0.0
12071050311,Lee,False,True,0,1,101.40613036636165,Fort Lauderdale,2018.0,0.0,0.0,0.0,0.0
12071040118,Lee,False,True,0,1,102.86899909931407,Fort Lauderdale,2018.0,0.0,0.0,0.0,0.0
12071040206,Lee,False,True,0,1,101.67186820299246,West Palm Beach,2018.0,0.0,0.0,0.0,0.0
12071040125,Lee,False,True,0,1,99.60051680946704,Boca Raton,2022.0,0.0,0.0,0.0,0.0
12095014908,Orange,True,False,0,0,15.184255032543085,Orlando,2023.0,0.0,0.0,0.0,0.0
12095016728,Orange,True,False,0,0,10.726893626021935,Orlando,2023.0,0.0,0.0,0.0,0.0
12095016906,Orange,True,False,0,0,7.80618446814524,Orlando,2023.0,0.0,0.0,0.0,0.0
12095990000,Orange,True,False,0,0,23.77242317049913,Orlando,2023.0,0.0,0.0,0.0,0.0
12073002205,Leon,False,True,0,1,231.99918445374834,Orlando,2023.0,0.0,0.0,0.0,0.0
12073002206,Leon,False,True,0,1,233.46141687485527,Orlando,2023.0,0.0,0.0,0.0,0.0
12073002605,Leon,False,True,0,1,221.0698831349473,Orlando,2023.0,0.0,0.0,0.0,0.0
12073002507,Leon,False,True,0,1,218.72358133809286,Orlando,2023.0,0.0,0.0,0.0,0.0
12073002413,Leon,False,True,0,1,229.53816911295763,Orlando,2023.0,0.0,0.0,0.0,0.0
12073002511,Leon,False,True,0,1,225.0860149994393,Orlando,2023.0,0.0,0.0,0.0,0.0
12057006400,Hillsborough,False,True,0,1,81.68028198715396,Orlando,2023.0,0.0,0.0,0.0,0.0
12001001514,Alachua,False,True,0,1,105.71666704108448,Orlando,2023.0,0.0,0.0,0.0,0.0
12001002220,Alachua,False,True,0,1,104.2852186175267,Orlando,2023.0,0.0,0.0,0.0,0.0
12001001517,Alachua,False,True,0,1,104.78051431857168,Orlando,2023.0,0.0,0.0,0.0,0.0
12001002219,Alachua,False,True,0,1,106.66641692253606,Orlando,2023.0,0.0,0.0,0.0,0.0
12057013004,Hillsborough,False,True,0,1,57.04647075446401,Orlando,2023.0,0.0,0.0,0.0,0.0
12057013412,Hillsborough,False,True,0,1,71.83087507416154,Orlando,2023.0,0.0,0.0,0.0,0.0
12057013413,Hillsborough,False,True,0,1,70.83322481727346,Orlando,2023.0,0.0,0.0,0.0,0.0
12011070601,Broward,True,False,0,0,6.893151208795535,Fort Lauderdale,2018.0,0.0,0.0,0.0,0.0
12099005921,Palm Beach,True,False,0,0,12.294698611774466,West Palm Beach,2018.0,0.0,0.0,0.0,0.0
12099005933,Palm Beach,True,False,0,0,8.437768237689564,Boca Raton,2022.0,0.0,0.0,0.0,0.0
12099005934,Palm Beach,True,False,0,0,8.884542028365734,Boca Raton,2022.0,0.0,0.0,0.0,0.0
12099005945,Palm Beach,True,False,0,0,13.04274572163053,West Palm Beach,2018.0,0.0,0.0,0.0,0.0
12099005947,Palm Beach,True,False,0,0,11.40581492253209,Boca Raton,2022.0,0.0,0.0,0.0,0.0
12099007748,Palm Beach,True,False,0,0,9.15400783300029,Boca Raton,2022.0,0.0,0.0,0.0,0.0
12099007751,Palm Beach,True,False,0,0,11.439520424573582,West Palm Beach,2018.0,0.0,0.0,0.0,0.0
12099007757,Palm Beach,True,False,0,0,13.141007082934621,West Palm Beach,2018.0,0.0,0.0,0.0,0.0
12099007759,Palm Beach,True,False,0,0,14.169216194479125,West Palm Beach,2018.0,0.0,0.0,0.0,0.0
12099007805,Palm Beach,True,False,0,0,16.023030402085425,West Palm Beach,2018.0,0.0,0.0,0.0,0.0
12099000210,Palm Beach,True,False,0,0,17.00806556099742,West Palm Beach,2018.0,0.0,0.0,0.0,0.0
12099001101,Palm Beach,True,False,0,0,6.132687247574019,West Palm Beach,2018.0,0.0,0.0,0.0,0.0
12099001402,Palm Beach,True,False,0,0,3.4557459237994137,West Palm Beach,2018.0,0.0,0.0,0.0,0.04051901269235506
12099005955,Palm Beach,True,False,0,0,9.592588884211258,Boca Raton,2022.0,0.0,0.0,0.0,0.0
12099006012,Palm Beach,True,False,0,0,12.432244745532342,Boca Raton,2022.0,0.0,0.0,0.0,0.0
12099006906,Palm Beach,True,False,0,0,5.434448456662222,Boca Raton,2022.0,0.0,0.0,0.0,0.0
12099007005,Palm Beach,True,False,0,0,5.7076874973545415,Boca Raton,2022.0,0.0,0.0,0.0,0.0
12099001904,Palm Beach,True,False,0,0,4.003923749227294,West Palm Beach,2018.0,0.0,0.0,0.0,0.0
12099003000,Palm Beach,True,False,0,0,2.390634598598262,West Palm Beach,2018.0,0.0,0.0,0.3141980597663996,0.4556040863950582
12099004007,Palm Beach,True,False,0,0,6.510076222919879,West Palm Beach,2018.0,0.0,0.0,0.0,0.0
12099004102,Palm Beach,True,False,0,0,5.103331450663806,West Palm Beach,2018.0,0.0,0.0,0.0,0.0
12099004702,Palm Beach,True,False,0,0,8.067197486182618,West Palm Beach,2018.0,0.0,0.0,0.0,0.0
12099005202,Palm Beach,True,False,0,0,7.290104594271114,West Palm Beach,2018.0,0.0,0.0,0.0,0.0
12099005204,Palm Beach,True,False,0,0,5.335683957788029,West Palm Beach,2018.0,0.0,0.0,0.0,0.0
12099005936,Palm Beach,True,False,0,0,7.934669641059691,Boca Raton,2022.0,0.0,0.0,0.0,0.0
12099006201,Palm Beach,True,False,0,0,11.691402471311383,Boca Raton,2022.0,0.0,0.0,0.0,0.0
12099006502,Palm Beach,True,False,0,0,7.143349077587712,Boca Raton,2022.0,0.0,0.0,0.0,0.0
12099006907,Palm Beach,True,False,0,0,6.943775885232004,Boca Raton,2022.0,0.0,0.0,0.0,0.0
12099006909,Palm Beach,True,False,0,0,7.746925812768884,Boca Raton,2022.0,0.0,0.0,0.0,0.0
12099007009,Palm Beach,True,False,0,0,3.1332713167276127,Boca Raton,2022.0,0.0,0.0,0.0,0.3851320499777254
12099007605,Palm Beach,True,False,0,0,1.7776036554521017,Boca Raton,2022.0,0.0,0.02412612224807069,0.6121385501466223,0.36373532760530025
12099007723,Palm Beach,True,False,0,0,13.798315608032015,West Palm Beach,2018.0,0.0,0.0,0.0,0.0
12099007739,Palm Beach,True,False,0,0,6.263425503039714,Boca Raton,2022.0,0.0,0.0,0.0,0.0
12021010208,Collier,False,True,0,1,103.27824961836464,Fort Lauderdale,2018.0,0.0,0.0,0.0,0.0
12099007821,Palm Beach,True,False,0,0,11.677809355414174,West Palm Beach,2018.0,0.0,0.0,0.0,0.0
12021010209,Collier,False,True,0,1,104.48232331623088,Fort Lauderdale,2018.0,0.0,0.0,0.0,0.0
12099008201,Palm Beach,True,False,0,0,38.496853642584206,West Palm Beach,2018.0,0.0,0.0,0.0,0.0
12021010215,Collier,False,True,0,1,103.71672241863916,Fort Lauderdale,2018.0,0.0,0.0,0.0,0.0
12021010401,Collier,False,True,0,1,101.13762122311658,Fort Lauderdale,2018.0,0.0,0.0,0.0,0.0
12099008301,Palm Beach,True,False,0,0,45.276659795848204,West Palm Beach,2018.0,0.0,0.0,0.0,0.0
12021000600,Collier,False,True,0,1,101.69527032625119,MiamiCentral,2018.0,0.0,0.0,0.0,0.0
12011060211,Broward,True,False,0,0,9.123870310993626,Fort Lauderdale,2018.0,0.0,0.0,0.0,0.0
12011010504,Broward,True,False,0,0,8.109714861516752,Boca Raton,2022.0,0.0,0.0,0.0,0.0
12011010609,Broward,True,False,0,0,7.317717831734959,Boca Raton,2022.0,0.0,0.0,0.0,0.0
12011010902,Broward,True,False,0,0,4.52056867584881,Boca Raton,2022.0,0.0,0.0,0.0,0.0
12011040503,Broward,True,False,0,0,4.5193478586099385,Fort Lauderdale,2018.0,0.0,0.0,0.0,0.0
12011041200,Broward,True,False,0,0,3.3111721765887014,Fort Lauderdale,2018.0,0.0,0.0,0.0,0.15088170961640746
12011050311,Broward,True,False,0,0,5.314992631360687,Fort Lauderdale,2018.0,0.0,0.0,0.0,0.0
12011050402,Broward,True,False,0,0,3.710327598971226,Fort Lauderdale,2018.0,0.0,0.0,0.0,0.0
12011060603,Broward,True,False,0,0,9.066986209361938,Fort Lauderdale,2018.0,0.0,0.0,0.0,0.0
12011061100,Broward,True,False,0,0,4.288484102495729,Fort Lauderdale,2018.0,0.0,0.0,0.0,0.0
12011070204,Broward,True,False,0,0,6.49546283843176,Fort Lauderdale,2018.0,0.0,0.0,0.0,0.0
12099000507,Palm Beach,True,False,0,0,8.316668709040218,West Palm Beach,2018.0,0.0,0.0,0.0,0.0
12031016101,Duval,False,True,0,1,131.0018123354779,Orlando,2023.0,0.0,0.0,0.0,0.0
12031016811,Duval,False,True,0,1,120.6614666356023,Orlando,2023.0,0.0,0.0,0.0,0.0
12031012201,Duval,False,True,0,1,132.2963115396778,Orlando,2023.0,0.0,0.0,0.0,0.0
12031013525,Duval,False,True,0,1,128.461467966872,Orlando,2023.0,0.0,0.0,0.0,0.0
12086000134,Other,False,False,0,0,0.4267269628148449,Aventura,2022.0,0.4841578747118608,0.45084703244203117,0.0649950928460931,0.0
12086000131,Other,False,False,0,0,0.9149714842951212,Aventura,2022.0,0.0,0.6987400258284486,0.30125997417154976,0.0
12086013900,Other,False,False,0,0,11.20992861059513,MiamiCentral,2018.0,0.0,0.0,0.0,0.0
12086001606,Other,False,False,0,0,5.910161466985303,MiamiCentral,2018.0,0.0,0.0,0.0,0.0
12086004406,Other,False,False,0,0,3.420662508595877,MiamiCentral,2018.0,0.0,0.0,0.0,0.0
12086003917,Other,False,False,0,0,5.3375840004548945,MiamiCentral,2018.0,0.0,0.0,0.0,0.0
12086003705,Other,False,False,0,0,0.5610766587428427,MiamiCentral,2018.0,0.3145660128876379,0.6854339871122851,0.0,0.0
12086009026,Other,False,False,0,0,8.893228646149819,MiamiCentral,2018.0,0.0,0.0,0.0,0.0
12086009024,Other,False,False,0,0,9.462775417153587,MiamiCentral,2018.0,0.0,0.0,0.0,0.0
12086006206,Other,False,False,0,0,4.466961907599888,MiamiCentral,2018.0,0.0,0.0,0.0,0.0
12086008502,Other,False,False,0,0,10.357894117824177,MiamiCentral,2018.0,0.0,0.0,0.0,0.0
12086016300,Other,False,False,0,0,16.02341462266991,MiamiCentral,2018.0,0.0,0.0,0.0,0.0
12086008101,Other,False,False,0,0,10.789935419671572,MiamiCentral,2018.0,0.0,0.0,0.0,0.0
12086018700,Other,False,False,0,0,16.56609830552963,MiamiCentral,2018.0,0.0,0.0,0.0,0.0
12086009022,Other,False,False,0,0,11.716706208278332,MiamiCentral,2018.0,0.0,0.0,0.0,0.0
12086008907,Other,False,False,0,0,10.348265774802373,MiamiCentral,2018.0,0.0,0.0,0.0,0.0
12086009030,Other,False,False,0,0,8.354907529615705,MiamiCentral,2018.0,0.0,0.0,0.0,0.0
12086010012,Other,False,False,0,0,6.730837123366793,Aventura,2022.0,0.0,0.0,0.0,0.0
12086017700,Other,False,False,0,0,16.635080023917645,MiamiCentral,2018.0,0.0,0.0,0.0,0.0
12086019600,Other,False,False,0,0,19.977072081296345,MiamiCentral,2018.0,0.0,0.0,0.0,0.0
12086980700,Other,False,False,0,0,23.183773661012637,MiamiCentral,2018.0,0.0,0.0,0.0,0.0
12086004607,Other,False,False,0,0,6.584924735243345,MiamiCentral,2018.0,0.0,0.0,0.0,0.0
12086000215,Other,False,False,0,0,3.566088856035546,Aventura,2022.0,0.0,0.0,0.0,0.0
12086000218,Other,False,False,0,0,4.30415420031881,Aventura,2022.0,0.0,0.0,0.0,0.0
12086016200,Other,False,False,0,0,15.587200206343915,MiamiCentral,2018.0,0.0,0.0,0.0,0.0
12086007807,Other,False,False,0,0,10.12866526161427,MiamiCentral,2018.0,0.0,0.0,0.0,0.0
12086981000,Other,False,False,0,0,1.6582548496962033,MiamiCentral,2018.0,0.00011905933084461508,0.15837051387662354,0.5219104344628065,0.2642846579164439
12086000123,Other,False,False,0,0,1.6979103903573856,Aventura,2022.0,0.0,0.0,0.9848915941639224,0.015108405836077796
12086008206,Other,False,False,0,0,12.87848342225632,MiamiCentral,2018.0,0.0,0.0,0.0,0.0
12086004500,Other,False,False,0,0,3.6065612195335692,MiamiCentral,2018.0,0.0,0.0,0.0,0.028923177818649812
12086000211,Other,False,False,0,0,1.2817030027777967,Aventura,2022.0,0.0,0.13921987463291635,0.8607801253670798,0.0
12086003922,Other,False,False,0,0,5.770197790990995,MiamiCentral,2018.0,0.0,0.0,0.0,0.0
12086011800,Other,False,False,0,0,9.683437723214022,Aventura,2022.0,0.0,0.0,0.0,0.0
12086010613,Other,False,False,0,0,15.949110209988195,MiamiCentral,2018.0,0.0,0.0,0.0,0.0
12086008207,Other,False,False,0,0,12.888843532623719,MiamiCentral,2018.0,0.0,0.0,0.0,0.0
12086009706,Other,False,False,0,0,1.715390130602001,Aventura,2022.0,0.0,0.0,0.7444129379892407,0.25558706201076437
12099000509,Palm Beach,True,False,0,0,6.158193736901999,West Palm Beach,2018.0,0.0,0.0,0.0,0.0
12099000903,Palm Beach,True,False,0,0,7.439580156563102,West Palm Beach,2018.0,0.0,0.0,0.0,0.0
12099000905,Palm Beach,True,False,0,0,8.50796967668962,West Palm Beach,2018.0,0.0,0.0,0.0,0.0
12099001003,Palm Beach,True,False,0,0,7.05196856578926,West Palm Beach,2018.0,0.0,0.0,0.0,0.0
12011080403,Broward,True,False,0,0,5.658872074659395,Fort Lauderdale,2018.0,0.0,0.0,0.0,0.0
12011090102,Broward,True,False,0,0,4.507216983637151,Fort Lauderdale,2018.0,0.0,0.0,0.0,0.10525645371954793
12011090802,Broward,True,False,0,0,5.230855825869926,Aventura,2022.0,0.0,0.0,0.0,0.0
12011091802,Broward,True,False,0,0,3.2558803752150287,Aventura,2022.0,0.0,0.0,0.0,0.2351414319555387
12011100502,Broward,True,False,0,0,1.8421908946203298,Aventura,2022.0,0.0,0.0,0.6931186286746983,0.30688137132528515
12011110332,Broward,True,False,0,0,12.947092583750988,Aventura,2022.0,0.0,0.0,0.0,0.0
12099001301,Palm Beach,True,False,0,0,5.993895289158178,West Palm Beach,2018.0,0.0,0.0,0.0,0.0
12099001907,Palm Beach,True,False,0,0,4.812209938567883,West Palm Beach,2018.0,0.0,0.0,0.0,0.0
12099001913,Palm Beach,True,False,0,0,4.794313847853331,West Palm Beach,2018.0,0.0,0.0,0.0,0.0
12099001917,Palm Beach,True,False,0,0,3.1186704300781516,West Palm Beach,2018.0,0.0,0.0,0.0,0.23097221546556182
12099003102,Palm Beach,True,False,0,0,4.049824509403399,West Palm Beach,2018.0,0.0,0.0,0.0,0.0
12099003201,Palm Beach,True,False,0,0,5.839560075876677,West Palm Beach,2018.0,0.0,0.0,0.0,0.0
12099003600,Palm Beach,True,False,0,0,3.859123269677934,West Palm Beach,2018.0,0.0,0.0,0.0,0.008660240906041805
12099003902,Palm Beach,True,False,0,0,5.874930990072604,West Palm Beach,2018.0,0.0,0.0,0.0,0.0
12099004401,Palm Beach,True,False,0,0,5.220855627303895,West Palm Beach,2018.0,0.0,0.0,0.0,0.0
12099004500,Palm Beach,True,False,0,0,6.2613900092491,West Palm Beach,2018.0,0.0,0.0,0.0,0.0
12011070602,Broward,True,False,0,0,7.5862058668195615,Fort Lauderdale,2018.0,0.0,0.0,0.0,0.0
12011110333,Broward,True,False,0,0,13.404895902374024,Aventura,2022.0,0.0,0.0,0.0,0.0
12011010403,Broward,True,False,0,0,4.07307065213661,Boca Raton,2022.0,0.0,0.0,0.0,0.0
12011020103,Broward,True,False,0,0,8.40878365296449,Fort Lauderdale,2018.0,0.0,0.0,0.0,0.0
12011110502,Broward,True,False,0,0,4.772370519136516,Aventura,2022.0,0.0,0.0,0.0,0.0
12011020414,Broward,True,False,0,0,10.696143156336118,Fort Lauderdale,2018.0,0.0,0.0,0.0,0.0
12011031002,Broward,True,False,0,0,7.630241351785429,Fort Lauderdale,2018.0,0.0,0.0,0.0,0.0
12011040601,Broward,True,False,0,0,2.7253242352943645,Fort Lauderdale,2018.0,0.0,0.0,0.04939691479499487,0.5950181936077991
12011042301,Broward,True,False,0,0,1.6275951550882437,Fort Lauderdale,2018.0,0.0,0.0,0.9073386825578446,0.09266131744215937
12011050502,Broward,True,False,0,0,4.7371398748979825,Fort Lauderdale,2018.0,0.0,0.0,0.0,0.0
12011051002,Broward,True,False,0,0,2.76586939942345,Fort Lauderdale,2018.0,0.0,0.0,0.0,0.8444562592656334
12011060210,Broward,True,False,0,0,9.362291570918337,Fort Lauderdale,2018.0,0.0,0.0,0.0,0.0
12011070210,Broward,True,False,0,0,7.244772687554511,Fort Lauderdale,2018.0,0.0,0.0,0.0,0.0
12099004819,Palm Beach,True,False,0,0,8.408965238755012,West Palm Beach,2018.0,0.0,0.0,0.0,0.0
12099005000,Palm Beach,True,False,0,0,7.750341882360554,West Palm Beach,2018.0,0.0,0.0,0.0,0.0
12099005411,Palm Beach,True,False,0,0,11.15673868113612,Boca Raton,2022.0,0.0,0.0,0.0,0.0
12099005807,Palm Beach,True,False,0,0,9.218254798939679,West Palm Beach,2018.0,0.0,0.0,0.0,0.0
12099007501,Palm Beach,True,False,1,0,0.5815728374756695,Boca Raton,2022.0,0.32414767659808846,0.5428034701164088,0.13304885328550894,0.0
12099007504,Palm Beach,True,False,0,0,1.562994108441599,Boca Raton,2022.0,0.0,0.05299908185210944,0.7842299374562166,0.16277098069168516
12099007831,Palm Beach,True,False,0,0,7.305150792437954,West Palm Beach,2018.0,0.0,0.0,0.0,0.0
12099007909,Palm Beach,True,False,0,0,11.147342636949654,West Palm Beach,2018.0,0.0,0.0,0.0,0.0
12099008101,Palm Beach,True,False,0,0,36.76367468143101,West Palm Beach,2018.0,0.0,0.0,0.0,0.0
12099980000,Palm Beach,True,False,0,0,7.976703140005311,West Palm Beach,2018.0,0.0,0.0,0.0,0.0
12099005814,Palm Beach,True,False,0,0,9.266545892852251,West Palm Beach,2018.0,0.0,0.0,0.0,0.0
12011080405,Broward,True,False,0,0,4.531905446323617,Fort Lauderdale,2018.0,0.0,0.0,0.0,0.0
12011110341,Broward,True,False,0,0,7.271077265877683,Aventura,2022.0,0.0,0.0,0.0,0.0
12011110501,Broward,True,False,0,0,5.0345518866904895,Aventura,2022.0,0.0,0.0,0.0,0.0
12011030202,Broward,True,False,0,0,7.417100655581085,Boca Raton,2022.0,0.0,0.0,0.0,0.0
12011031203,Broward,True,False,0,0,7.827722433607954,Boca Raton,2022.0,0.0,0.0,0.0,0.0
12011040702,Broward,True,False,0,0,1.9626437589024257,Fort Lauderdale,2018.0,0.0,0.0,0.578958125987506,0.41188572129062845
12011060801,Broward,True,False,0,0,4.034652269452279,Fort Lauderdale,2018.0,0.0,0.0,0.0,0.0
12011020209,Broward,True,False,0,0,8.902257233135892,Fort Lauderdale,2018.0,0.0,0.0,0.0,0.0
12011030500,Broward,True,False,0,0,7.691186233299186,Boca Raton,2022.0,0.0,0.0,0.0,0.0
12011060127,Broward,True,False,0,0,7.569270303583101,Fort Lauderdale,2018.0,0.0,0.0,0.0,0.0
12011050315,Broward,True,False,0,0,5.433679920328678,Fort Lauderdale,2018.0,0.0,0.0,0.0,0.0
12001002002,Alachua,False,True,0,1,95.9852114500561,Orlando,2023.0,0.0,0.0,0.0,0.0
12001001816,Alachua,False,True,0,1,121.848440486642,Orlando,2023.0,0.0,0.0,0.0,0.0
12001001817,Alachua,False,True,0,1,115.48207512660699,Orlando,2023.0,0.0,0.0,0.0,0.0
12011070503,Broward,True,False,0,0,8.602748527697377,Aventura,2022.0,0.0,0.0,0.0,0.0
12011020213,Broward,True,False,0,0,9.796078408203375,Fort Lauderdale,2018.0,0.0,0.0,0.0,0.0
12011020214,Broward,True,False,0,0,10.180363513087906,Fort Lauderdale,2018.0,0.0,0.0,0.0,0.0
12011020421,Broward,True,False,0,0,8.307814348305273,Fort Lauderdale,2018.0,0.0,0.0,0.0,0.0
12011070213,Broward,True,False,0,0,8.349715718430641,Fort Lauderdale,2018.0,0.0,0.0,0.0,0.0
12011042801,Broward,True,False,0,0,2.1117784644646886,Fort Lauderdale,2018.0,0.0,0.0,0.3384348526554217,0.6615651473445766
12011070331,Broward,True,False,0,0,17.61105493606498,Fort Lauderdale,2018.0,0.0,0.0,0.0,0.0
12011061004,Broward,True,False,0,0,7.318951646098579,Fort Lauderdale,2018.0,0.0,0.0,0.0,0.0
12011070330,Broward,True,False,0,0,17.022171831318254,Fort Lauderdale,2018.0,0.0,0.0,0.0,0.0
12011100106,Broward,True,False,0,0,2.511245677573224,Aventura,2022.0,0.0,0.0,0.0,0.9999999999999999
12011040505,Broward,True,False,0,0,4.429894254032943,Fort Lauderdale,2018.0,0.0,0.0,0.0,0.0
12011041601,Broward,True,False,1,0,0.30620205199489214,Fort Lauderdale,2018.0,0.7271921317854837,0.27280786821451675,0.0,0.0
12001001815,Alachua,False,True,0,1,125.28539041529943,Orlando,2023.0,0.0,0.0,0.0,0.0
12011042601,Broward,True,False,1,0,0.840609287548397,Fort Lauderdale,2018.0,0.08337699987815833,0.5727685152052759,0.3438544849165718,0.0
12011100803,Broward,True,False,0,0,3.704231337315851,Aventura,2022.0,0.0,0.0,0.0,0.0
12011042501,Broward,True,False,1,0,0.5013326645116768,Fort Lauderdale,2018.0,0.4570710307795047,0.5220442333142029,0.02088473590627633,0.0
12011070329,Broward,True,False,0,0,16.5450606009473,Fort Lauderdale,2018.0,0.0,0.0,0.0,0.0
12011100804,Broward,True,False,0,0,3.2151617543217412,Aventura,2022.0,0.0,0.0,0.0,0.082594913551141
12011050314,Broward,True,False,0,0,3.697591976616781,Fort Lauderdale,2018.0,0.0,0.0,0.0,0.0
12011110345,Broward,True,False,0,0,11.589150588466842,Aventura,2022.0,0.0,0.0,0.0,0.0
12011110358,Broward,True,False,0,0,14.79210762184376,Aventura,2022.0,0.0,0.0,0.0,0.0
12011041602,Broward,True,False,1,0,0.9441113341822053,Fort Lauderdale,2018.0,0.0,0.588732815480054,0.41126718451995004,0.0
12011030601,Broward,True,False,0,0,8.001738755363103,Boca Raton,2022.0,0.0,0.0,0.0,0.0
12011091601,Broward,True,False,0,0,3.724404455804186,Aventura,2022.0,0.0,0.0,0.0,0.0
12011050313,Broward,True,False,0,0,4.100641990466709,Fort Lauderdale,2018.0,0.0,0.0,0.0,0.0
12011010613,Broward,True,False,0,0,6.921712745723506,Boca Raton,2022.0,0.0,0.0,0.0,0.0
12021011114,Collier,False,True,0,1,90.8496430399995,MiamiCentral,2018.0,0.0,0.0,0.0,0.0
12021011113,Collier,False,True,0,1,80.93229766388008,MiamiCentral,2018.0,0.0,0.0,0.0,0.0
12021011211,Collier,False,True,0,1,90.01575930546166,Fort Lauderdale,2018.0,0.0,0.0,0.0,0.0
12021011213,Collier,False,True,0,1,99.53374760022085,Fort Lauderdale,2018.0,0.0,0.0,0.0,0.0
12021010431,Collier,False,True,0,1,99.12498576095217,Fort Lauderdale,2018.0,0.0,0.0,0.0,0.0
12021011206,Collier,False,True,0,1,86.40330420284396,Fort Lauderdale,2018.0,0.0,0.0,0.0,0.0
12021010513,Collier,False,True,0,1,99.65749969067271,Fort Lauderdale,2018.0,0.0,0.0,0.0,0.0
12021010216,Collier,False,True,0,1,101.53854566744462,Fort Lauderdale,2018.0,0.0,0.0,0.0,0.0
12021010424,Collier,False,True,0,1,90.43929054644211,Fort Lauderdale,2018.0,0.0,0.0,0.0,0.0
12021010518,Collier,False,True,0,1,96.56744225634246,Fort Lauderdale,2018.0,0.0,0.0,0.0,0.0
12021010511,Collier,False,True,0,1,96.66498027262602,Fort Lauderdale,2018.0,0.0,0.0,0.0,0.0
12021011003,Collier,False,True,0,1,95.87633803284122,MiamiCentral,2018.0,0.0,0.0,0.0,0.0
12021011304,Collier,False,True,0,1,84.00748399579524,Fort Lauderdale,2018.0,0.0,0.0,0.0,0.0
12021010426,Collier,False,True,0,1,92.15375789719704,Fort Lauderdale,2018.0,0.0,0.0,0.0,0.0
12021010113,Collier,False,True,0,1,104.55877347070874,Fort Lauderdale,2018.0,0.0,0.0,0.0,0.0
12021010437,Collier,False,True,0,1,100.62941569929501,Fort Lauderdale,2018.0,0.0,0.0,0.0,0.0
12021011303,Collier,False,True,0,1,83.32712564112664,Fort Lauderdale,2018.0,0.0,0.0,0.0,0.0
12057004601,Hillsborough,False,True,0,1,79.49049611147684,Orlando,2023.0,0.0,0.0,0.0,0.0
12057010215,Hillsborough,False,True,0,1,62.19283725097708,Orlando,2023.0,0.0,0.0,0.0,0.0
12057014300,Hillsborough,False,True,0,1,57.81242661705992,Orlando,2023.0,0.0,0.0,0.0,0.0
12057011525,Hillsborough,False,True,0,1,83.2344747481468,Orlando,2023.0,0.0,0.0,0.0,0.0
12057010821,Hillsborough,False,True,0,1,72.70405313340167,Orlando,2023.0,0.0,0.0,0.0,0.0
12057004902,Hillsborough,False,True,0,1,78.41656517643902,Orlando,2023.0,0.0,0.0,0.0,0.0
12057013323,Hillsborough,False,True,0,1,69.97803383057561,Orlando,2023.0,0.0,0.0,0.0,0.0
12057013706,Hillsborough,False,True,0,1,72.39608883527008,Orlando,2023.0,0.0,0.0,0.0,0.0
12057012109,Hillsborough,False,True,0,1,67.9816982771071,Orlando,2023.0,0.0,0.0,0.0,0.0
12031001000,Duval,False,True,0,1,134.09922239226185,Orlando,2023.0,0.0,0.0,0.0,0.0
12031002300,Duval,False,True,0,1,131.40971611324457,Orlando,2023.0,0.0,0.0,0.0,0.0
12031012500,Duval,False,True,0,1,130.94074854784014,Orlando,2023.0,0.0,0.0,0.0,0.0
12031013402,Duval,False,True,0,1,128.68545863622032,Orlando,2023.0,0.0,0.0,0.0,0.0
12031015600,Duval,False,True,0,1,132.7417793527014,Orlando,2023.0,0.0,0.0,0.0,0.0
12099007779,Palm Beach,True,False,0,0,13.690493723059367,West Palm Beach,2018.0,0.0,0.0,0.0,0.0
12099007776,Palm Beach,True,False,0,0,10.093684847044502,West Palm Beach,2018.0,0.0,0.0,0.0,0.0
12099007774,Palm Beach,True,False,0,0,9.54808159427163,Boca Raton,2022.0,0.0,0.0,0.0,0.0
12095017026,Orange,True,False,0,0,8.578544689673986,Orlando,2023.0,0.0,0.0,0.0,0.0
12095016751,Orange,True,False,0,0,9.91934417347677,Orlando,2023.0,0.0,0.0,0.0,0.0
12095017812,Orange,True,False,0,0,24.261883165017572,Orlando,2023.0,0.0,0.0,0.0,0.0
12095016756,Orange,True,False,0,0,4.891589562865857,Orlando,2023.0,0.0,0.0,0.0,0.0
12095016753,Orange,True,False,0,0,7.503991183834289,Orlando,2023.0,0.0,0.0,0.0,0.0
12095017119,Orange,True,False,0,0,17.135537271842125,Orlando,2023.0,0.0,0.0,0.0,0.0
12099007778,Palm Beach,True,False,0,0,8.757705412270148,West Palm Beach,2018.0,0.0,0.0,0.0,0.0
12099007850,Palm Beach,True,False,0,0,14.506951409541987,West Palm Beach,2018.0,0.0,0.0,0.0,0.0
12099007853,Palm Beach,True,False,0,0,17.35473741452468,West Palm Beach,2018.0,0.0,0.0,0.0,0.0
12095016755,Orange,True,False,0,0,5.922149393723472,Orlando,2023.0,0.0,0.0,0.0,0.0
12095016514,Orange,True,False,0,0,15.5231182078763,Orlando,2023.0,0.0,0.0,0.0,0.0
12095017813,Orange,True,False,0,0,28.06370251970038,Orlando,2023.0,0.0,0.0,0.0,0.0
12095016908,Orange,True,False,0,0,8.839226257509555,Orlando,2023.0,0.0,0.0,0.0,0.0
12095016748,Orange,True,False,0,0,12.480368526143584,Orlando,2023.0,0.0,0.0,0.0,0.0
12095016744,Orange,True,False,0,0,12.921210748611456,Orlando,2023.0,0.0,0.0,0.0,0.0
12073002105,Leon,False,True,0,1,230.47811132801218,Orlando,2023.0,0.0,0.0,0.0,0.0
12073002106,Leon,False,True,0,1,229.96647756910315,Orlando,2023.0,0.0,0.0,0.0,0.0
12073000907,Leon,False,True,0,1,226.0030923241812,Orlando,2023.0,0.0,0.0,0.0,0.0
12073002515,Leon,False,True,0,1,222.8205997502656,Orlando,2023.0,0.0,0.0,0.0,0.0
12073002422,Leon,False,True,0,1,232.11996162979452,Orlando,2023.0,0.0,0.0,0.0,0.0
12073002419,Leon,False,True,0,1,231.82099005802283,Orlando,2023.0,0.0,0.0,0.0,0.0
12073000502,Leon,False,True,0,1,227.58171882182347,Orlando,2023.0,0.0,0.0,0.0,0.0
12001001203,Alachua,False,True,0,1,108.06484574224223,Orlando,2023.0,0.0,0.0,0.0,0.0
12073001601,Leon,False,True,0,1,229.1047170910862,Orlando,2023.0,0.0,0.0,0.0,0.0
12073002006,Leon,False,True,0,1,228.22432726219384,Orlando,2023.0,0.0,0.0,0.0,0.0
12073002304,Leon,False,True,0,1,232.92669420093574,Orlando,2023.0,0.0,0.0,0.0,0.0
12073002415,Leon,False,True,0,1,228.34104682685285,Orlando,2023.0,0.0,0.0,0.0,0.0
12095017805,Orange,True,False,0,0,25.39893590698482,Orlando,2023.0,0.0,0.0,0.0,0.0
12086005305,Other,False,False,0,0,1.1139756314729952,MiamiCentral,2018.0,0.0,0.18419305518514045,0.8158069448148727,0.0
12086003605,Other,False,False,0,0,0.7327040975442306,MiamiCentral,2018.0,0.0,0.9999999999999998,0.0,0.0
12086007003,Other,False,False,0,0,3.682994805281864,MiamiCentral,2018.0,0.0,0.0,0.0,0.0
12086019301,Other,False,False,0,0,15.478191260352283,MiamiCentral,2018.0,0.0,0.0,0.0,0.0
12086014602,Other,False,False,0,0,12.110009439651465,MiamiCentral,2018.0,0.0,0.0,0.0,0.0
12086000609,Other,False,False,0,0,7.19586774310762,MiamiCentral,2018.0,0.0,0.0,0.0,0.0
12086010708,Other,False,False,0,0,22.049935567141876,MiamiCentral,2018.0,0.0,0.0,0.0,0.0
12086009061,Other,False,False,0,0,11.379435219034187,MiamiCentral,2018.0,0.0,0.0,0.0,0.0
12086009065,Other,False,False,0,0,8.639401304977492,MiamiCentral,2018.0,0.0,0.0,0.0,0.0
12086006004,Other,False,False,0,0,6.603158667131905,MiamiCentral,2018.0,0.0,0.0,0.0,0.0
12086011106,Other,False,False,0,0,25.863973609354726,MiamiCentral,2018.0,0.0,0.0,0.0,0.0
12086010805,Other,False,False,0,0,23.96388663962859,MiamiCentral,2018.0,0.0,0.0,0.0,0.0
12086010706,Other,False,False,0,0,22.0191431375049,MiamiCentral,2018.0,0.0,0.0,0.0,0.0
12086011405,Other,False,False,0,0,29.091338206767823,MiamiCentral,2018.0,0.0,0.0,0.0,0.0
12086010502,Other,False,False,0,0,20.22688068163204,MiamiCentral,2018.0,0.0,0.0,0.0,0.0
12086010212,Other,False,False,0,0,18.403207099574658,MiamiCentral,2018.0,0.0,0.0,0.0,0.0
12086011105,Other,False,False,0,0,24.767008904453583,MiamiCentral,2018.0,0.0,0.0,0.0,0.0
12086008312,Other,False,False,0,0,15.188973890205602,MiamiCentral,2018.0,0.0,0.0,0.0,0.0
12086018901,Other,False,False,0,0,15.709177639503864,MiamiCentral,2018.0,0.0,0.0,0.0,0.0
12086006106,Other,False,False,0,0,5.047898778572108,MiamiCentral,2018.0,0.0,0.0,0.0,0.0
12086007006,Other,False,False,0,0,4.394532607476336,MiamiCentral,2018.0,0.0,0.0,0.0,0.0
12086001704,Other,False,False,0,0,3.4182295394890656,MiamiCentral,2018.0,0.0,0.0,0.0,0.01439685391730859
12086000714,Other,False,False,0,0,8.995753488295927,MiamiCentral,2018.0,0.0,0.0,0.0,0.0
12086009056,Other,False,False,0,0,10.890553222396578,MiamiCentral,2018.0,0.0,0.0,0.0,0.0
12086008807,Other,False,False,0,0,10.512720286963747,MiamiCentral,2018.0,0.0,0.0,0.0,0.0
12086004705,Other,False,False,0,0,6.570673305211162,MiamiCentral,2018.0,0.0,0.0,0.0,0.0
12086002707,Other,False,False,0,0,1.9993346972008497,MiamiCentral,2018.0,0.0,0.0,0.5088129415414316,0.49118705845856714
12086011601,Other,False,False,0,0,9.848202505750217,Aventura,2022.0,0.0,0.0,0.0,0.0
12086009402,Other,False,False,0,0,7.003719544325565,Aventura,2022.0,0.0,0.0,0.0,0.0
12071040130,Lee,False,True,0,1,104.43787222421423,Boca Raton,2022.0,0.0,0.0,0.0,0.0
12115002746,Sarasota,False,True,0,1,105.36239024321503,Orlando,2023.0,0.0,0.0,0.0,0.0
12115002730,Sarasota,False,True,0,1,112.3167068697202,Orlando,2023.0,0.0,0.0,0.0,0.0
12115002726,Sarasota,False,True,0,1,103.00849985613421,Orlando,2023.0,0.0,0.0,0.0,0.0
12086000417,Other,False,False,0,0,6.756608208409399,Aventura,2022.0,0.0,0.0,0.0,0.0
12086012802,Other,False,False,0,0,12.033912070123177,Aventura,2022.0,0.0,0.0,0.0,0.0
12086009320,Other,False,False,0,0,10.031188808980747,MiamiCentral,2018.0,0.0,0.0,0.0,0.0
12086012301,Other,False,False,0,0,11.845446612921265,Aventura,2022.0,0.0,0.0,0.0,0.0
12086012402,Other,False,False,0,0,12.426988117783035,Aventura,2022.0,0.0,0.0,0.0,0.0
12086012601,Other,False,False,0,0,12.645033998613435,MiamiCentral,2018.0,0.0,0.0,0.0,0.0
12086009322,Other,False,False,0,0,10.283939089920183,MiamiCentral,2018.0,0.0,0.0,0.0,0.0
12086015102,Other,False,False,0,0,16.264621417323387,MiamiCentral,2018.0,0.0,0.0,0.0,0.0
12086015101,Other,False,False,0,0,15.117644357265588,MiamiCentral,2018.0,0.0,0.0,0.0,0.0
12086009048,Other,False,False,0,0,11.7167939090786,MiamiCentral,2018.0,0.0,0.0,0.0,0.0
12086006901,Other,False,False,0,0,3.349201445267642,MiamiCentral,2018.0,0.0,0.0,0.0,0.010307482828678152
12086012403,Other,False,False,0,0,15.172145479410789,Aventura,2022.0,0.0,0.0,0.0,0.0
12086000311,Other,False,False,0,0,3.7063039274237575,Aventura,2022.0,0.0,0.0,0.0,0.0
12086012801,Other,False,False,0,0,12.727577271272404,MiamiCentral,2018.0,0.0,0.0,0.0,0.0
12115000103,Sarasota,False,True,0,1,105.79693437195687,Orlando,2023.0,0.0,0.0,0.0,0.0
12115002733,Sarasota,False,True,0,1,115.57938947288096,Orlando,2023.0,0.0,0.0,0.0,0.0
12115002732,Sarasota,False,True,0,1,115.43072036875755,Orlando,2023.0,0.0,0.0,0.0,0.0
12115002729,Sarasota,False,True,0,1,114.07553941866084,Orlando,2023.0,0.0,0.0,0.0,0.0
12115002728,Sarasota,False,True,0,1,113.38963012442721,Orlando,2023.0,0.0,0.0,0.0,0.0
12115002739,Sarasota,False,True,0,1,109.08672687752433,Orlando,2023.0,0.0,0.0,0.0,0.0
12115002205,Sarasota,False,True,0,1,112.94773522480723,Orlando,2023.0,0.0,0.0,0.0,0.0
12115002737,Sarasota,False,True,0,1,109.08609643939685,Orlando,2023.0,0.0,0.0,0.0,0.0
12115002736,Sarasota,False,True,0,1,108.08647921012493,Orlando,2023.0,0.0,0.0,0.0,0.0
12086018601,Other,False,False,0,0,16.140716073571507,MiamiCentral,2018.0,0.0,0.0,0.0,0.0
12086020002,Other,False,False,0,0,18.190903391334366,MiamiCentral,2018.0,0.0,0.0,0.0,0.0
12115002012,Sarasota,False,True,0,1,109.51383531192924,Orlando,2023.0,0.0,0.0,0.0,0.0
12115001508,Sarasota,False,True,0,1,104.9921909354668,Orlando,2023.0,0.0,0.0,0.0,0.0
12095014201,Orange,True,False,0,0,6.006098493793627,Orlando,2023.0,0.0,0.0,0.0,0.0
12095016605,Orange,True,False,0,0,14.680506755883604,Orlando,2023.0,0.0,0.0,0.0,0.0
12095018202,Orange,True,False,0,0,10.938288977130002,Orlando,2023.0,0.0,0.0,0.0,0.0
12095016735,Orange,True,False,0,0,4.224538075567147,Orlando,2023.0,0.0,0.0,0.0,0.0
12095017505,Orange,True,False,0,0,20.932676342562708,Orlando,2023.0,0.0,0.0,0.0,0.0
12095014706,Orange,True,False,0,0,11.989375276692838,Orlando,2023.0,0.0,0.0,0.0,0.0
12095019000,Orange,True,False,0,0,13.328809448091382,Orlando,2023.0,0.0,0.0,0.0,0.0
12095016809,Orange,True,False,0,0,4.153315516677726,Orlando,2023.0,0.0,0.0,0.0,0.012088489166545686
12086011104,Other,False,False,0,0,27.21347083518051,MiamiCentral,2018.0,0.0,0.0,0.0,0.0
12086011301,Other,False,False,0,0,28.15344421986248,MiamiCentral,2018.0,0.0,0.0,0.0,0.0
12086008703,Other,False,False,0,0,12.015892533411808,MiamiCentral,2018.0,0.0,0.0,0.0,0.0
12086019502,Other,False,False,0,0,17.551766815284875,MiamiCentral,2018.0,0.0,0.0,0.0,0.0
12086009316,Other,False,False,0,0,10.91122577578474,MiamiCentral,2018.0,0.0,0.0,0.0,0.0
12086007809,Other,False,False,0,0,10.262498320448676,MiamiCentral,2018.0,0.0,0.0,0.0,0.0
12086011015,Other,False,False,0,0,25.653603257381352,MiamiCentral,2018.0,0.0,0.0,0.0,0.0
12086008310,Other,False,False,0,0,14.492946085875815,MiamiCentral,2018.0,0.0,0.0,0.0,0.0
12086008429,Other,False,False,0,0,11.617746894420272,MiamiCentral,2018.0,0.0,0.0,0.0,0.0
12086017101,Other,False,False,0,0,13.779785466295575,MiamiCentral,2018.0,0.0,0.0,0.0,0.0
12086007401,Other,False,False,0,0,6.042128662262512,MiamiCentral,2018.0,0.0,0.0,0.0,0.0
12086017402,Other,False,False,0,0,15.5060273155482,MiamiCentral,2018.0,0.0,0.0,0.0,0.0
12086011010,Other,False,False,0,0,26.59224140447639,MiamiCentral,2018.0,0.0,0.0,0.0,0.0
12086010618,Other,False,False,0,0,17.624543008095852,MiamiCentral,2018.0,0.0,0.0,0.0,0.0
12095017019,Orange,True,False,0,0,6.469082622256396,Orlando,2023.0,0.0,0.0,0.0,0.0
12095015203,Orange,True,False,0,0,16.073148413296376,Orlando,2023.0,0.0,0.0,0.0,0.0
12095017118,Orange,True,False,0,0,18.322228942055528,Orlando,2023.0,0.0,0.0,0.0,0.0
12095018901,Orange,True,False,0,0,10.791352447557546,Orlando,2023.0,0.0,0.0,0.0,0.0
12095016603,Orange,True,False,0,0,17.517356674304658,Orlando,2023.0,0.0,0.0,0.0,0.0
12095017111,Orange,True,False,0,0,18.026013942514364,Orlando,2023.0,0.0,0.0,0.0,0.0
12086010626,Other,False,False,0,0,18.78831461940058,MiamiCentral,2018.0,0.0,0.0,0.0,0.0
12086001208,Other,False,False,0,0,5.116258569296983,Aventura,2022.0,0.0,0.0,0.0,0.0
12086000228,Other,False,False,0,0,3.5524867967002534,Aventura,2022.0,0.0,0.0,0.0,0.0
12086003709,Other,False,False,0,0,0.1748597524091924,MiamiCentral,2018.0,1.0,0.0,0.0,0.0
12086007608,Other,False,False,0,0,7.923934080566675,MiamiCentral,2018.0,0.0,0.0,0.0,0.0
12086009811,Other,False,False,0,0,3.3550922607182883,Aventura,2022.0,0.0,0.0,0.0,0.0
12086009812,Other,False,False,0,0,2.5247613748966793,Aventura,2022.0,0.0,0.0,0.06334126209385159,0.8383749133464498
12086000141,Other,False,False,0,0,0.7544840932140139,Aventura,2022.0,0.16053707716417223,0.5627230924421927,0.27673983039363437,0.0
12086007403,Other,False,False,0,0,5.6003381192519885,MiamiCentral,2018.0,0.0,0.0,0.0,0.0
12086000143,Other,False,False,0,0,0.7406236169283383,Aventura,2022.0,0.0,0.9450853962865816,0.05491460371341511,0.0
12071020103,Lee,False,True,0,1,113.82196593045656,West Palm Beach,2018.0,0.0,0.0,0.0,0.0
12071010110,Lee,False,True,0,1,123.8636679619575,West Palm Beach,2018.0,0.0,0.0,0.0,0.0
12071040138,Lee,False,True,0,1,98.24824291108847,Fort Lauderdale,2018.0,0.0,0.0,0.0,0.0
12071010113,Lee,False,True,0,1,119.5529648556624,West Palm Beach,2018.0,0.0,0.0,0.0,0.0
12071050502,Lee,False,True,0,1,101.52010997553737,Fort Lauderdale,2018.0,0.0,0.0,0.0,0.0
12071050213,Lee,False,True,0,1,104.7754189432623,Fort Lauderdale,2018.0,0.0,0.0,0.0,0.0
12071010420,Lee,False,True,0,1,121.14051770605398,Boca Raton,2022.0,0.0,0.0,0.0,0.0
12071010417,Lee,False,True,0,1,118.38907887501225,Fort Lauderdale,2018.0,0.0,0.0,0.0,0.0
12071050319,Lee,False,True,0,1,107.02708046746959,Fort Lauderdale,2018.0,0.0,0.0,0.0,0.0
12071010422,Lee,False,True,0,1,120.36298571263744,Fort Lauderdale,2018.0,0.0,0.0,0.0,0.0
12071050321,Lee,False,True,0,1,106.27100233742155,Fort Lauderdale,2018.0,0.0,0.0,0.0,0.0
12071040139,Lee,False,True,0,1,103.32921247117928,Fort Lauderdale,2018.0,0.0,0.0,0.0,0.0
12071001709,Lee,False,True,0,1,111.04021458367815,Fort Lauderdale,2018.0,0.0,0.0,0.0,0.0
12071050324,Lee,False,True,0,1,98.98093743690212,Fort Lauderdale,2018.0,0.0,0.0,0.0,0.0
12071020302,Lee,False,True,0,1,112.0895387855338,West Palm Beach,2018.0,0.0,0.0,0.0,0.0
12071010309,Lee,False,True,0,1,115.31015963038476,Boca Raton,2022.0,0.0,0.0,0.0,0.0
12071010109,Lee,False,True,0,1,123.15834815078249,West Palm Beach,2018.0,0.0,0.0,0.0,0.0
12071001208,Lee,False,True,0,1,109.27859622774898,Boca Raton,2022.0,0.0,0.0,0.0,0.0
12071010413,Lee,False,True,0,1,117.54170643158548,Boca Raton,2022.0,0.0,0.0,0.0,0.0
12071010208,Lee,False,True,0,1,116.23674302103952,West Palm Beach,2018.0,0.0,0.0,0.0,0.0
12071010308,Lee,False,True,0,1,115.62511860110253,Boca Raton,2022.0,0.0,0.0,0.0,0.0
12071001002,Lee,False,True,0,1,112.26128841387522,Boca Raton,2022.0,0.0,0.0,0.0,0.0
12071050316,Lee,False,True,0,1,104.11610451740388,Fort Lauderdale,2018.0,0.0,0.0,0.0,0.0
12071020104,Lee,False,True,0,1,114.36414017648094,West Palm Beach,2018.0,0.0,0.0,0.0,0.0
12086004704,Other,False,False,0,0,6.656851735477645,MiamiCentral,2018.0,0.0,0.0,0.0,0.0
12086011412,Other,False,False,0,0,31.754748389269686,MiamiCentral,2018.0,0.0,0.0,0.0,0.0
12086008809,Other,False,False,0,0,11.523597913173832,MiamiCentral,2018.0,0.0,0.0,0.0,0.0
12086005804,Other,False,False,0,0,7.195748174491399,MiamiCentral,2018.0,0.0,0.0,0.0,0.0
12086009052,Other,False,False,0,0,9.568819704257612,MiamiCentral,2018.0,0.0,0.0,0.0,0.0
12086007708,Other,False,False,0,0,8.401930193500185,MiamiCentral,2018.0,0.0,0.0,0.0,0.0
12099007823,Palm Beach,True,False,0,0,17.571753901201017,West Palm Beach,2018.0,0.0,0.0,0.0,0.0
12099008001,Palm Beach,True,False,0,0,35.84343736147784,West Palm Beach,2018.0,0.0,0.0,0.0,0.0
12099005931,Palm Beach,True,False,0,0,7.428761631573554,Boca Raton,2022.0,0.0,0.0,0.0,0.0
12099005950,Palm Beach,True,False,0,0,12.52440011231372,Boca Raton,2022.0,0.0,0.0,0.0,0.0
12099000204,Palm Beach,True,False,0,0,15.519018902604238,West Palm Beach,2018.0,0.0,0.0,0.0,0.0
12099006402,Palm Beach,True,False,0,0,5.751364766402341,Boca Raton,2022.0,0.0,0.0,0.0,0.0
12099007011,Palm Beach,True,False,0,0,4.5039524184175885,Boca Raton,2022.0,0.0,0.0,0.0,0.0
12099004704,Palm Beach,True,False,0,0,7.19487256104068,West Palm Beach,2018.0,0.0,0.0,0.0,0.0
12099006910,Palm Beach,True,False,0,0,7.718786351550094,Boca Raton,2022.0,0.0,0.0,0.0,0.0
12099007705,Palm Beach,True,False,0,0,11.464079888998718,West Palm Beach,2018.0,0.0,0.0,0.0,0.0
12099008202,Palm Beach,True,False,0,0,38.33031445025542,West Palm Beach,2018.0,0.0,0.0,0.0,0.0
12021011103,Collier,False,True,0,1,94.85823957891101,MiamiCentral,2018.0,0.0,0.0,0.0,0.0
12021010604,Collier,False,True,0,1,100.04566356872398,Fort Lauderdale,2018.0,0.0,0.0,0.0,0.0
12099000102,Palm Beach,True,False,0,0,17.039054854692697,West Palm Beach,2018.0,0.0,0.0,0.0,0.0
12099000406,Palm Beach,True,False,0,0,12.24003622051757,West Palm Beach,2018.0,0.0,0.0,0.0,0.0
12001002102,Alachua,False,True,0,1,98.39867939200388,Orlando,2023.0,0.0,0.0,0.0,0.0
12071040110,Lee,False,True,0,1,106.91507810434909,Boca Raton,2022.0,0.0,0.0,0.0,0.0
12071040209,Lee,False,True,0,1,94.16541662431469,West Palm Beach,2018.0,0.0,0.0,0.0,0.0
12095016907,Orange,True,False,0,0,7.426177356567288,Orlando,2023.0,0.0,0.0,0.0,0.0
12031010202,Duval,False,True,0,1,139.78667572769533,Orlando,2023.0,0.0,0.0,0.0,0.0
12095018100,Orange,True,False,0,0,17.601895756750707,Orlando,2023.0,0.0,0.0,0.0,0.0
12095013510,Orange,True,False,0,0,7.083054646716021,Orlando,2023.0,0.0,0.0,0.0,0.0
12095016724,Orange,True,False,0,0,10.571587412022982,Orlando,2023.0,0.0,0.0,0.0,0.0
12095017109,Orange,True,False,0,0,12.714366945358083,Orlando,2023.0,0.0,0.0,0.0,0.0
12031010402,Duval,False,True,0,1,139.76452931597683,Orlando,2023.0,0.0,0.0,0.0,0.0
12031014335,Duval,False,True,0,1,134.022790709808,Orlando,2023.0,0.0,0.0,0.0,0.0
12031014413,Duval,False,True,0,1,122.90674933243154,Orlando,2023.0,0.0,0.0,0.0,0.0
12031016724,Duval,False,True,0,1,125.58137399986296,Orlando,2023.0,0.0,0.0,0.0,0.0
12057000702,Hillsborough,False,True,0,1,74.1909147642334,Orlando,2023.0,0.0,0.0,0.0,0.0
12057000701,Hillsborough,False,True,0,1,74.16584576495393,Orlando,2023.0,0.0,0.0,0.0,0.0
12057010218,Hillsborough,False,True,0,1,65.29028172661468,Orlando,2023.0,0.0,0.0,0.0,0.0
12057011907,Hillsborough,False,True,0,1,76.71878651301131,Orlando,2023.0,0.0,0.0,0.0,0.0
12057006504,Hillsborough,False,True,0,1,82.73568428437201,Orlando,2023.0,0.0,0.0,0.0,0.0
12057000302,Hillsborough,False,True,0,1,73.07958894940808,Orlando,2023.0,0.0,0.0,0.0,0.0
12057013705,Hillsborough,False,True,0,1,72.82985966911272,Orlando,2023.0,0.0,0.0,0.0,0.0
12071001601,Lee,False,True,0,1,110.43339062771106,Fort Lauderdale,2018.0,0.0,0.0,0.0,0.0
12071060201,Lee,False,True,0,1,110.67418886256219,Fort Lauderdale,2018.0,0.0,0.0,0.0,0.0
12071000900,Lee,False,True,0,1,113.39265535828132,Boca Raton,2022.0,0.0,0.0,0.0,0.0
12071020700,Lee,False,True,0,1,114.18609782449573,West Palm Beach,2018.0,0.0,0.0,0.0,0.0
12071070101,Lee,False,True,0,1,128.87930738901707,Boca Raton,2022.0,0.0,0.0,0.0,0.0
12071080204,Lee,False,True,0,1,123.89589663806785,Fort Lauderdale,2018.0,0.0,0.0,0.0,0.0
12021011108,Collier,False,True,0,1,92.60672913287132,MiamiCentral,2018.0,0.0,0.0,0.0,0.0
12021010428,Collier,False,True,0,1,89.09469827080105,Fort Lauderdale,2018.0,0.0,0.0,0.0,0.0
12115002724,Sarasota,False,True,0,1,111.61510352330349,Orlando,2023.0,0.0,0.0,0.0,0.0
12057005500,Hillsborough,False,True,0,1,77.79290387417603,Orlando,2023.0,0.0,0.0,0.0,0.0
12057010203,Hillsborough,False,True,0,1,67.62684067233221,Orlando,2023.0,0.0,0.0,0.0,0.0
12057011522,Hillsborough,False,True,0,1,75.57215228132445,Orlando,2023.0,0.0,0.0,0.0,0.0
12057013204,Hillsborough,False,True,0,1,65.16658821328727,Orlando,2023.0,0.0,0.0,0.0,0.0
12057013410,Hillsborough,False,True,0,1,71.88174704930537,Orlando,2023.0,0.0,0.0,0.0,0.0
12057014009,Hillsborough,False,True,0,1,80.37099232379687,Orlando,2023.0,0.0,0.0,0.0,0.0
12057014118,Hillsborough,False,True,0,1,81.23822726039324,Orlando,2023.0,0.0,0.0,0.0,0.0
12057006501,Hillsborough,False,True,0,1,81.95577190803009,Orlando,2023.0,0.0,0.0,0.0,0.0
12057980500,Hillsborough,False,True,0,1,84.64179117389097,Orlando,2023.0,0.0,0.0,0.0,0.0
12057013310,Hillsborough,False,True,0,1,70.28657494693263,Orlando,2023.0,0.0,0.0,0.0,0.0
12057014109,Hillsborough,False,True,0,1,84.06275484150353,Orlando,2023.0,0.0,0.0,0.0,0.0
12011110328,Broward,True,False,0,0,11.49530028923015,Aventura,2022.0,0.0,0.0,0.0,0.0
12011010103,Broward,True,False,0,0,2.859929630433727,Boca Raton,2022.0,0.0,0.0,0.005505032710593236,0.5802416529133562
12011040602,Broward,True,False,0,0,2.9485751785609877,Fort Lauderdale,2018.0,0.0,0.0,0.00010458342014845989,0.40745091544454404
12011060212,Broward,True,False,0,0,8.281561419725133,Fort Lauderdale,2018.0,0.0,0.0,0.0,0.0
12011980000,Broward,True,False,0,0,29.256347635364342,Fort Lauderdale,2018.0,0.0,0.0,0.0,0.0
12011040402,Broward,True,False,0,0,4.2745370096251545,Fort Lauderdale,2018.0,0.0,0.0,0.0,0.0
12011070102,Broward,True,False,0,0,6.383904114875733,Fort Lauderdale,2018.0,0.0,0.0,0.0,0.0
12011011000,Broward,True,False,0,0,4.830373047269807,Boca Raton,2022.0,0.0,0.0,0.0,0.0
12011020206,Broward,True,False,0,0,10.100343999676058,Fort Lauderdale,2018.0,0.0,0.0,0.0,0.0
12011020407,Broward,True,False,0,0,8.683711890684368,Fort Lauderdale,2018.0,0.0,0.0,0.0,0.0
12011031205,Broward,True,False,0,0,6.709651058480102,Boca Raton,2022.0,0.0,0.0,0.0,0.0
12099001802,Palm Beach,True,False,0,0,2.304307323148682,West Palm Beach,2018.0,0.0,0.0,0.18964462952104055,0.762521579764185
12099003202,Palm Beach,True,False,0,0,4.685891604894215,West Palm Beach,2018.0,0.0,0.0,0.0,0.0
12099004813,Palm Beach,True,False,0,0,9.029213944988857,West Palm Beach,2018.0,0.0,0.0,0.0,0.0
12099007412,Palm Beach,True,False,0,0,6.467292089314407,Boca Raton,2022.0,0.0,0.0,0.0,0.0
12099007724,Palm Beach,True,False,0,0,13.097279591646647,West Palm Beach,2018.0,0.0,0.0,0.0,0.0
12099007732,Palm Beach,True,False,0,0,7.817864132690093,Boca Raton,2022.0,0.0,0.0,0.0,0.0
12099000219,Palm Beach,True,False,0,0,11.172558347575006,West Palm Beach,2018.0,0.0,0.0,0.0,0.0
12099005958,Palm Beach,True,False,0,0,5.91781657538245,Boca Raton,2022.0,0.0,0.0,0.0,0.0
12099007421,Palm Beach,True,False,0,0,1.2230855409618417,Boca Raton,2022.0,0.0,0.19576259864929982,0.5912098835642725,0.21302751778644236
12099000513,Palm Beach,True,False,0,0,4.575059615941971,West Palm Beach,2018.0,0.0,0.0,0.0,0.0
12031014205,Duval,False,True,0,1,129.23588715277324,Orlando,2023.0,0.0,0.0,0.0,0.0
12031014421,Duval,False,True,0,1,129.05249177107106,Orlando,2023.0,0.0,0.0,0.0,0.0
12031010104,Duval,False,True,0,1,139.45484816553108,Orlando,2023.0,0.0,0.0,0.0,0.0
12099003513,Palm Beach,True,False,0,0,1.0489555535351063,West Palm Beach,2018.0,0.0,0.3931343426446092,0.6068656573553913,0.0
12099007622,Palm Beach,True,False,0,0,2.7517067714787204,Boca Raton,2022.0,0.0,0.0,0.0,0.7187155365767399
12099003514,Palm Beach,True,False,0,0,3.4362384038275278,West Palm Beach,2018.0,0.0,0.0006838234119121579,0.23139036779416614,0.23737010594792995
12099007843,Palm Beach,True,False,0,0,5.437920671116346,West Palm Beach,2018.0,0.0,0.0,0.0,0.0
12099007842,Palm Beach,True,False,0,0,6.127806019330301,West Palm Beach,2018.0,0.0,0.0,0.0,0.0
12099007846,Palm Beach,True,False,0,0,14.273824304972885,West Palm Beach,2018.0,0.0,0.0,0.0,0.0
12099000221,Palm Beach,True,False,0,0,12.993120569274405,West Palm Beach,2018.0,0.0,0.0,0.0,0.0
12099005960,Palm Beach,True,False,0,0,11.26878425673808,West Palm Beach,2018.0,0.0,0.0,0.0,0.0
12099007917,Palm Beach,True,False,0,0,33.264733027139116,West Palm Beach,2018.0,0.0,0.0,0.0,0.0
12099007208,Palm Beach,True,False,0,0,3.716290161731924,Boca Raton,2022.0,0.0,0.0,0.0,0.07083530030499588
12031014415,Duval,False,True,0,1,128.76282882792592,Orlando,2023.0,0.0,0.0,0.0,0.0
12031017101,Duval,False,True,0,1,132.778135218171,Orlando,2023.0,0.0,0.0,0.0,0.0
12031010307,Duval,False,True,0,1,141.83580077592936,Orlando,2023.0,0.0,0.0,0.0,0.0
12031015701,Duval,False,True,0,1,131.90311988621156,Orlando,2023.0,0.0,0.0,0.0,0.0
12031000101,Duval,False,True,0,1,137.31688648212136,Orlando,2023.0,0.0,0.0,0.0,0.0
12099000220,Palm Beach,True,False,0,0,13.800723003045896,West Palm Beach,2018.0,0.0,0.0,0.0,0.0
12099005957,Palm Beach,True,False,0,0,6.996506701772763,Boca Raton,2022.0,0.0,0.0,0.0,0.0
12099006607,Palm Beach,True,False,0,0,8.590752886342736,Boca Raton,2022.0,0.0,0.0,0.0,0.0
12099005819,Palm Beach,True,False,0,0,10.721623635647143,West Palm Beach,2018.0,0.0,0.0,0.0,0.0
12099007013,Palm Beach,True,False,0,0,4.509880907382656,Boca Raton,2022.0,0.0,0.0,0.0,0.0
12099007913,Palm Beach,True,False,0,0,14.570501115969767,West Palm Beach,2018.0,0.0,0.0,0.0,0.0
12099005944,Palm Beach,True,False,0,0,7.067296512962646,Boca Raton,2022.0,0.0,0.0,0.0,0.0
12099007206,Palm Beach,True,False,0,0,4.464189440538458,Boca Raton,2022.0,0.0,0.0,0.0,0.0
12001002001,Alachua,False,True,0,1,94.79904439259366,Orlando,2023.0,0.0,0.0,0.0,0.0
12086000126,Other,False,False,0,0,2.05347131121447,Aventura,2022.0,0.0,0.0,0.24454601739495171,0.7554539826050615
12086000128,Other,False,False,0,0,1.9439073140595362,Aventura,2022.0,0.0,0.0,0.44288070050467737,0.5571192994953187
12086003921,Other,False,False,0,0,6.407501818255196,MiamiCentral,2018.0,0.0,0.0,0.0,0.0
12086001204,Other,False,False,0,0,5.295910909657032,Aventura,2022.0,0.0,0.0,0.0,0.0
12086009803,Other,False,False,0,0,2.055716468181441,Aventura,2022.0,0.0,0.0,0.4609663962109473,0.5339975639140598
12086000216,Other,False,False,0,0,3.1995461920012525,Aventura,2022.0,0.0,0.0,0.0,0.19231291885536264
12086000505,Other,False,False,0,0,9.067206753329872,MiamiCentral,2018.0,0.0,0.0,0.0,0.0
12086010208,Other,False,False,0,0,17.334882236804464,MiamiCentral,2018.0,0.0,0.0,0.0,0.0
12086015300,Other,False,False,0,0,14.794630902754694,MiamiCentral,2018.0,0.0,0.0,0.0,0.0
12086010193,Other,False,False,0,0,17.449387993727072,MiamiCentral,2018.0,0.0,0.0,0.0,0.0
12086009029,Other,False,False,0,0,10.325123871664038,MiamiCentral,2018.0,0.0,0.0,0.0,0.0
12086010198,Other,False,False,0,0,18.376019604014683,MiamiCentral,2018.0,0.0,0.0,0.0,0.0
12086000109,Other,False,False,0,0,3.159212667269719,Aventura,2022.0,0.0,0.0,0.0,0.3639241622047111
12086014100,Other,False,False,0,0,15.087080467473097,MiamiCentral,2018.0,0.0,0.0,0.0,0.0
12086980100,Other,False,False,0,0,25.44846068679366,MiamiCentral,2018.0,0.0,0.0,0.0,0.0
12115001504,Sarasota,False,True,0,1,104.75587413794305,Orlando,2023.0,0.0,0.0,0.0,0.0
12115002004,Sarasota,False,True,0,1,108.60777768175736,Orlando,2023.0,0.0,0.0,0.0,0.0
12115002505,Sarasota,False,True,0,1,114.83362402609535,Orlando,2023.0,0.0,0.0,0.0,0.0
12057004500,Hillsborough,False,True,0,1,78.58776561572785,Orlando,2023.0,0.0,0.0,0.0,0.0
12057012403,Hillsborough,False,True,0,1,61.96537035707091,Orlando,2023.0,0.0,0.0,0.0,0.0
12057010305,Hillsborough,False,True,0,1,67.60379767149149,Orlando,2023.0,0.0,0.0,0.0,0.0
12115002604,Sarasota,False,True,0,1,118.08796946752987,Orlando,2023.0,0.0,0.0,0.0,0.0
12115002201,Sarasota,False,True,0,1,111.62493050487825,Orlando,2023.0,0.0,0.0,0.0,0.0
12095015002,Orange,True,False,0,0,18.46031128060404,Orlando,2023.0,0.0,0.0,0.0,0.0
12095014810,Orange,True,False,0,0,12.531294431552793,Orlando,2023.0,0.0,0.0,0.0,0.0
12086014500,Other,False,False,0,0,12.830987954296626,MiamiCentral,2018.0,0.0,0.0,0.0,0.0
12086005104,Other,False,False,0,0,2.5483205040509085,MiamiCentral,2018.0,0.0,0.0,0.0,1.0
12086006403,Other,False,False,0,0,1.8775200616291856,MiamiCentral,2018.0,0.0,0.0,0.7649085833881928,0.2350914166118007
12086008409,Other,False,False,0,0,12.391212799979682,MiamiCentral,2018.0,0.0,0.0,0.0,0.0
12086001903,Other,False,False,0,0,3.6809925502990666,MiamiCentral,2018.0,0.0,0.0,0.0,0.0
12086001402,Other,False,False,0,0,4.61835502649157,MiamiCentral,2018.0,0.0,0.0,0.0,0.0
12115000406,Sarasota,False,True,0,1,104.25845951485428,Orlando,2023.0,0.0,0.0,0.0,0.0
12073002207,Leon,False,True,0,1,231.15230887199465,Orlando,2023.0,0.0,0.0,0.0,0.0
12011110600,Broward,True,False,0,0,3.66610678632164,Fort Lauderdale,2018.0,0.0,0.0,0.0007150116739150251,0.2535752915125163
12115002304,Sarasota,False,True,0,1,114.1966188363803,Orlando,2023.0,0.0,0.0,0.0,0.0
12057002500,Hillsborough,False,True,0,1,77.8371376907813,Orlando,2023.0,0.0,0.0,0.0,0.0
12057013807,Hillsborough,False,True,0,1,75.3600039898108,Orlando,2023.0,0.0,0.0,0.0,0.0
12011020318,Broward,True,False,0,0,12.131083688568395,Fort Lauderdale,2018.0,0.0,0.0,0.0,0.0
12011110312,Broward,True,False,0,0,7.739676849293309,Aventura,2022.0,0.0,0.0,0.0,0.0
12011010800,Broward,True,False,0,0,4.742605023025999,Boca Raton,2022.0,0.0,0.0,0.0,0.0
12011060505,Broward,True,False,0,0,7.389817279872723,Fort Lauderdale,2018.0,0.0,0.0,0.0,0.0
12011030704,Broward,True,False,0,0,8.686390185629044,Boca Raton,2022.0,0.0,0.0,0.0,0.0
12057013703,Hillsborough,False,True,0,1,72.63237068954092,Orlando,2023.0,0.0,0.0,0.0,0.0
12057014104,Hillsborough,False,True,0,1,88.45120528998648,Orlando,2023.0,0.0,0.0,0.0,0.0
12071090100,Lee,False,True,0,1,127.20252557318254,Orlando,2023.0,0.0,0.0,0.0,0.0
12071040311,Lee,False,True,0,1,97.09895018467756,Boca Raton,2022.0,0.0,0.0,0.0,0.0
12071020201,Lee,False,True,0,1,111.39266373755834,West Palm Beach,2018.0,0.0,0.0,0.0,0.0
12095016723,Orange,True,False,0,0,11.063808223569547,Orlando,2023.0,0.0,0.0,0.0,0.0
12095017108,Orange,True,False,0,0,13.514177365903821,Orlando,2023.0,0.0,0.0,0.0,0.0
12001001813,Alachua,False,True,0,1,112.79181943889712,Orlando,2023.0,0.0,0.0,0.0,0.0
12031015805,Duval,False,True,0,1,131.78376636874296,Orlando,2023.0,0.0,0.0,0.0,0.0
12095014805,Orange,True,False,0,0,14.438212084079533,Orlando,2023.0,0.0,0.0,0.0,0.0
12095013603,Orange,True,False,0,0,7.480603179001179,Orlando,2023.0,0.0,0.0,0.0,0.0
12095017011,Orange,True,False,0,0,5.586102851408497,Orlando,2023.0,0.0,0.0,0.0,0.0
12071050312,Lee,False,True,0,1,97.49847308805684,Fort Lauderdale,2018.0,0.0,0.0,0.0,0.0
12071060101,Lee,False,True,0,1,113.9253213224125,Fort Lauderdale,2018.0,0.0,0.0,0.0,0.0
12071010412,Lee,False,True,0,1,117.59414352601522,Fort Lauderdale,2018.0,0.0,0.0,0.0,0.0
12071010307,Lee,False,True,0,1,116.94328839477204,Boca Raton,2022.0,0.0,0.0,0.0,0.0
12095017902,Orange,True,False,0,0,28.80958550825114,Orlando,2023.0,0.0,0.0,0.0,0.0
12095014807,Orange,True,False,0,0,13.318844718737127,Orlando,2023.0,0.0,0.0,0.0,0.0
12057006101,Hillsborough,False,True,0,1,78.44310669583153,Orlando,2023.0,0.0,0.0,0.0,0.0
12057006700,Hillsborough,False,True,0,1,80.59440735631765,Orlando,2023.0,0.0,0.0,0.0,0.0
12057011006,Hillsborough,False,True,0,1,70.60661253578037,Orlando,2023.0,0.0,0.0,0.0,0.0
12057014003,Hillsborough,False,True,0,1,84.53722104526597,Orlando,2023.0,0.0,0.0,0.0,0.0
12057011504,Hillsborough,False,True,0,1,81.26148737278271,Orlando,2023.0,0.0,0.0,0.0,0.0
12099006100,Palm Beach,True,False,0,0,12.291124481825085,West Palm Beach,2018.0,0.0,0.0,0.0,0.0
12099006912,Palm Beach,True,False,0,0,5.600127544090936,Boca Raton,2022.0,0.0,0.0,0.0,0.0
12099003300,Palm Beach,True,False,0,0,2.036351495912886,West Palm Beach,2018.0,0.0,0.0,0.43981607995248345,0.5601839200475157
12099004902,Palm Beach,True,False,0,0,8.524512251357338,West Palm Beach,2018.0,0.0,0.0,0.0,0.0
12099005918,Palm Beach,True,False,0,0,11.166322179581465,West Palm Beach,2018.0,0.0,0.0,0.0,0.0
12099006700,Palm Beach,True,False,0,0,7.759314880546464,Boca Raton,2022.0,0.0,0.0,0.0,0.0
12021011400,Collier,False,True,0,1,78.47681443667847,Fort Lauderdale,2018.0,0.0,0.0,0.0,0.0
12021000101,Collier,False,True,0,1,102.40268658696527,Fort Lauderdale,2018.0,0.0,0.0,0.0,0.0
12011042000,Broward,True,False,0,0,1.8452452987136285,Fort Lauderdale,2018.0,0.0,0.0,0.6224098362897331,0.3775901637102678
12011060504,Broward,True,False,0,0,8.291351038871493,Fort Lauderdale,2018.0,0.0,0.0,0.0,0.0
12011060208,Broward,True,False,0,0,6.150978296605529,Fort Lauderdale,2018.0,0.0,0.0,0.0,0.0
12011060605,Broward,True,False,0,0,7.095651204230261,Fort Lauderdale,2018.0,0.0,0.0,0.0,0.0
12011100103,Broward,True,False,0,0,1.788322617277895,Aventura,2022.0,0.0,0.0,0.7394552176338701,0.2605447823661255
12011091300,Broward,True,False,0,0,6.836380336011283,Aventura,2022.0,0.0,0.0,0.0,0.0
12011060503,Broward,True,False,0,0,9.146677411082129,Fort Lauderdale,2018.0,0.0,0.0,0.0,0.0
12011100801,Broward,True,False,0,0,4.1699464478596004,Aventura,2022.0,0.0,0.0,0.0,0.0
12011110307,Broward,True,False,0,0,10.258325427436851,Aventura,2022.0,0.0,0.0,0.0,0.0
12011060120,Broward,True,False,0,0,11.691278888589046,Fort Lauderdale,2018.0,0.0,0.0,0.0,0.0
12011050308,Broward,True,False,0,0,3.6841890635353094,Fort Lauderdale,2018.0,0.0,0.0,0.0,0.0
12011091201,Broward,True,False,0,0,6.318276491695752,Aventura,2022.0,0.0,0.0,0.0,0.0
12031014428,Duval,False,True,0,1,128.3054218917461,Orlando,2023.0,0.0,0.0,0.0,0.0
12086013500,Other,False,False,0,0,10.748780375173098,MiamiCentral,2018.0,0.0,0.0,0.0,0.0
12086011008,Other,False,False,0,0,24.278507040845632,MiamiCentral,2018.0,0.0,0.0,0.0,0.0
12086007801,Other,False,False,0,0,8.634035335532309,MiamiCentral,2018.0,0.0,0.0,0.0,0.0
12086980400,Other,False,False,0,0,3.532230531777518,MiamiCentral,2018.0,0.0,0.0,0.04862649327561152,0.2949529605991007
12086004105,Other,False,False,0,0,4.619747410960434,MiamiCentral,2018.0,0.0,0.0,0.0,0.0
12086009703,Other,False,False,0,0,0.8755570718634997,Aventura,2022.0,0.058831441131911584,0.5263395801094891,0.41482897875861247,0.0
12057011804,Hillsborough,False,True,0,1,78.37054944309784,Orlando,2023.0,0.0,0.0,0.0,0.0
12057011412,Hillsborough,False,True,0,1,80.82671690767377,Orlando,2023.0,0.0,0.0,0.0,0.0
12057011613,Hillsborough,False,True,0,1,81.97074368254981,Orlando,2023.0,0.0,0.0,0.0,0.0
12057003000,Hillsborough,False,True,0,1,76.12027672958708,Orlando,2023.0,0.0,0.0,0.0,0.0
12057001200,Hillsborough,False,True,0,1,75.16457060584592,Orlando,2023.0,0.0,0.0,0.0,0.0
12057002800,Hillsborough,False,True,0,1,77.13893375574418,Orlando,2023.0,0.0,0.0,0.0,0.0
12057012002,Hillsborough,False,True,0,1,71.84411148024314,Orlando,2023.0,0.0,0.0,0.0,0.0
12057010702,Hillsborough,False,True,0,1,70.47312308610468,Orlando,2023.0,0.0,0.0,0.0,0.0
12057013311,Hillsborough,False,True,0,1,68.00744795519476,Orlando,2023.0,0.0,0.0,0.0,0.0
12057010303,Hillsborough,False,True,0,1,64.96690394582674,Orlando,2023.0,0.0,0.0,0.0,0.0
12057012206,Hillsborough,False,True,0,1,67.61705036044818,Orlando,2023.0,0.0,0.0,0.0,0.0
12057013307,Hillsborough,False,True,0,1,69.19431663177302,Orlando,2023.0,0.0,0.0,0.0,0.0
12057013406,Hillsborough,False,True,0,1,70.38323538967155,Orlando,2023.0,0.0,0.0,0.0,0.0
12099004810,Palm Beach,True,False,0,0,9.76136295970668,West Palm Beach,2018.0,0.0,0.0,0.0,0.0
12099005702,Palm Beach,True,False,0,0,11.496421220615153,West Palm Beach,2018.0,0.0,0.0,0.0,0.0
12099007410,Palm Beach,True,False,0,0,7.881053831641589,Boca Raton,2022.0,0.0,0.0,0.0,0.0
12099007610,Palm Beach,True,False,0,0,4.562292817907459,Boca Raton,2022.0,0.0,0.0,0.0,0.0
12099005811,Palm Beach,True,False,0,0,11.659860923876336,West Palm Beach,2018.0,0.0,0.0,0.0,0.0
12095014809,Orange,True,False,0,0,14.245215682276617,Orlando,2023.0,0.0,0.0,0.0,0.0
12095017806,Orange,True,False,0,0,22.124546327873652,Orlando,2023.0,0.0,0.0,0.0,0.0
12095017200,Orange,True,False,0,0,22.026817348269347,Orlando,2023.0,0.0,0.0,0.0,0.0
12095015106,Orange,True,False,0,0,16.935351230173694,Orlando,2023.0,0.0,0.0,0.0,0.0
12095015202,Orange,True,False,0,0,14.99089831435976,Orlando,2023.0,0.0,0.0,0.0,0.0
12095017004,Orange,True,False,0,0,8.880033171429476,Orlando,2023.0,0.0,0.0,0.0,0.0
12095015701,Orange,True,False,0,0,14.798750745152027,Orlando,2023.0,0.0,0.0,0.0,0.0
12095016714,Orange,True,False,0,0,9.499601701410253,Orlando,2023.0,0.0,0.0,0.0,0.0
12095016503,Orange,True,False,0,0,14.21002644290807,Orlando,2023.0,0.0,0.0,0.0,0.0
12095016409,Orange,True,False,0,0,13.6637000757186,Orlando,2023.0,0.0,0.0,0.0,0.0
12095016408,Orange,True,False,0,0,13.32633889662688,Orlando,2023.0,0.0,0.0,0.0,0.0
12115001503,Sarasota,False,True,0,1,104.28119026230796,Orlando,2023.0,0.0,0.0,0.0,0.0
12086008904,Other,False,False,0,0,11.40478590919538,MiamiCentral,2018.0,0.0,0.0,0.0,0.0
12086016700,Other,False,False,0,0,15.785295620392274,MiamiCentral,2018.0,0.0,0.0,0.0,0.0
12086000808,Other,False,False,0,0,6.853093696452694,MiamiCentral,2018.0,0.0,0.0,0.0,0.0
12086005600,Other,False,False,0,0,4.297739466451281,MiamiCentral,2018.0,0.0,0.0,0.0,0.0
12086003100,Other,False,False,0,0,0.9468688240735841,MiamiCentral,2018.0,0.0,0.5684652299141622,0.43153477008581936,0.0
12086010604,Other,False,False,0,0,15.771821776643385,MiamiCentral,2018.0,0.0,0.0,0.0,0.0
12086009015,Other,False,False,0,0,9.402436546923944,MiamiCentral,2018.0,0.0,0.0,0.0,0.0
12086980500,Other,False,False,0,0,5.834841106606761,MiamiCentral,2018.0,0.0,0.0,0.0,0.0
12115000801,Sarasota,False,True,0,1,107.682256283457,Orlando,2023.0,0.0,0.0,0.0,0.0
12115001601,Sarasota,False,True,0,1,105.16580179688815,Orlando,2023.0,0.0,0.0,0.0,0.0
12115002714,Sarasota,False,True,0,1,111.03005547430814,Orlando,2023.0,0.0,0.0,0.0,0.0
12086008205,Other,False,False,0,0,11.784810331757077,MiamiCentral,2018.0,0.0,0.0,0.0,0.0
12086001301,Other,False,False,0,0,5.033685664559417,MiamiCentral,2018.0,0.0,0.0,0.0,0.0
12086003804,Other,False,False,0,0,5.677787415613992,Aventura,2022.0,0.0,0.0,0.0,0.0
12086001104,Other,False,False,0,0,5.70950592924242,MiamiCentral,2018.0,0.0,0.0,0.0,0.0
12001001902,Alachua,False,True,0,1,106.25013851957203,Orlando,2023.0,0.0,0.0,0.0,0.0
12001001202,Alachua,False,True,0,1,108.930875583719,Orlando,2023.0,0.0,0.0,0.0,0.0
12095017901,Orange,True,False,0,0,27.049327187725453,Orlando,2023.0,0.0,0.0,0.0,0.0
12031002101,Duval,False,True,0,1,133.0709481719644,Orlando,2023.0,0.0,0.0,0.0,0.0
12031014338,Duval,False,True,0,1,131.69539868146632,Orlando,2023.0,0.0,0.0,0.0,0.0
12031016726,Duval,False,True,0,1,124.16296217925893,Orlando,2023.0,0.0,0.0,0.0,0.0
12115002511,Sarasota,False,True,0,1,113.91883556546608,Orlando,2023.0,0.0,0.0,0.0,0.0
12057011524,Hillsborough,False,True,0,1,76.0733352013489,Orlando,2023.0,0.0,0.0,0.0,0.0
12057013922,Hillsborough,False,True,0,1,67.68119119402863,Orlando,2023.0,0.0,0.0,0.0,0.0
12057011109,Hillsborough,False,True,0,1,74.25195477475519,Orlando,2023.0,0.0,0.0,0.0,0.0
12011070501,Broward,True,False,0,0,9.88322339669261,Aventura,2022.0,0.0,0.0,0.0,0.0
12011110330,Broward,True,False,0,0,14.065882437227415,Aventura,2022.0,0.0,0.0,0.0,0.0
12011042302,Broward,True,False,0,0,1.9039192278956918,Fort Lauderdale,2018.0,0.0,0.000542803428222021,0.4826687329713444,0.5167884636004288
12011050206,Broward,True,False,0,0,6.432737579265886,Fort Lauderdale,2018.0,0.0,0.0,0.0,0.0
12011020302,Broward,True,False,0,0,10.841723212327949,Boca Raton,2022.0,0.0,0.0,0.0,0.0
12011030703,Broward,True,False,0,0,8.171297428078653,Boca Raton,2022.0,0.0,0.0,0.0,0.0
12011042802,Broward,True,False,0,0,2.0240664269369995,Fort Lauderdale,2018.0,0.0,0.0,0.5037991475177637,0.49620085248223933
12011110366,Broward,True,False,0,0,6.887580387584121,Aventura,2022.0,0.0,0.0,0.0,0.0
12011110355,Broward,True,False,0,0,11.053949846014858,Aventura,2022.0,0.0,0.0,0.0,0.0
12099001500,Palm Beach,True,False,0,0,4.337230209335787,West Palm Beach,2018.0,0.0,0.0,0.0,0.0
12099003507,Palm Beach,True,False,0,0,2.5290858643036214,West Palm Beach,2018.0,0.0,0.005174775027584421,0.3144417959310808,0.3291628131671478
12099007710,Palm Beach,True,False,0,0,11.124613693772087,West Palm Beach,2018.0,0.0,0.0,0.0,0.0
12099007736,Palm Beach,True,False,0,0,5.988001014301839,Boca Raton,2022.0,0.0,0.0,0.0,0.0
12099007832,Palm Beach,True,False,0,0,6.3334991746148654,West Palm Beach,2018.0,0.0,0.0,0.0,0.0
12099007758,Palm Beach,True,False,0,0,13.548245156277732,West Palm Beach,2018.0,0.0,0.0,0.0,0.0
12099004300,Palm Beach,True,False,0,0,4.676276333170029,West Palm Beach,2018.0,0.0,0.0,0.0,0.0
12099006602,Palm Beach,True,False,0,0,8.87939674375883,Boca Raton,2022.0,0.0,0.0,0.0,0.0
12099007010,Palm Beach,True,False,0,0,5.207422354721254,Boca Raton,2022.0,0.0,0.0,0.0,0.0
12099000304,Palm Beach,True,False,0,0,9.738496869425902,West Palm Beach,2018.0,0.0,0.0,0.0,0.0
12057005101,Hillsborough,False,True,0,1,76.91473185974847,Orlando,2023.0,0.0,0.0,0.0,0.0
12057006900,Hillsborough,False,True,0,1,81.3572590640017,Orlando,2023.0,0.0,0.0,0.0,0.0
12073001804,Leon,False,True,0,1,224.16225589522426,Orlando,2023.0,0.0,0.0,0.0,0.0
12073002418,Leon,False,True,0,1,231.64630868835792,Orlando,2023.0,0.0,0.0,0.0,0.0
12086015501,Other,False,False,0,0,12.324200419051907,MiamiCentral,2018.0,0.0,0.0,0.0,0.0
12011070212,Broward,True,False,0,0,7.9387541514648765,Fort Lauderdale,2018.0,0.0,0.0,0.0,0.0
12011110356,Broward,True,False,0,0,14.582612763204317,Aventura,2022.0,0.0,0.0,0.0,0.0
12011110364,Broward,True,False,0,0,10.930378458307311,Aventura,2022.0,0.0,0.0,0.0,0.0
12011010202,Broward,True,False,0,0,2.6878617251210657,Boca Raton,2022.0,0.0,0.0,0.021160819991685342,0.7194084512307998
12011060130,Broward,True,False,0,0,8.996499200439501,Fort Lauderdale,2018.0,0.0,0.0,0.0,0.0
12011030602,Broward,True,False,0,0,7.917075233759132,Fort Lauderdale,2018.0,0.0,0.0,0.0,0.0
12011091602,Broward,True,False,0,0,3.4170116167797793,Aventura,2022.0,0.0,0.0,0.0,0.04440473654800613
12086010610,Other,False,False,0,0,15.507212022197395,MiamiCentral,2018.0,0.0,0.0,0.0,0.0
12086000120,Other,False,False,0,0,4.396186996441811,Aventura,2022.0,0.0,0.0,0.0,0.0
12086006205,Other,False,False,0,0,4.097733593561788,MiamiCentral,2018.0,0.0,0.0,0.0,0.0
12086009027,Other,False,False,0,0,9.184612708527004,MiamiCentral,2018.0,0.0,0.0,0.0,0.0
12086007501,Other,False,False,0,0,6.381518346573958,MiamiCentral,2018.0,0.0,0.0,0.0,0.0
12031010601,Duval,False,True,0,1,138.78471772021058,Orlando,2023.0,0.0,0.0,0.0,0.0
12031011905,Duval,False,True,0,1,133.22302183713683,Orlando,2023.0,0.0,0.0,0.0,0.0
12031010501,Duval,False,True,0,1,144.86053433273287,Orlando,2023.0,0.0,0.0,0.0,0.0
12086009066,Other,False,False,0,0,9.477035222465634,MiamiCentral,2018.0,0.0,0.0,0.0,0.0
12086009102,Other,False,False,0,0,7.816092519902024,MiamiCentral,2018.0,0.0,0.0,0.0,0.0
12086009064,Other,False,False,0,0,11.225320506883527,MiamiCentral,2018.0,0.0,0.0,0.0,0.0
12086003603,Other,False,False,0,0,0.6693340983554267,MiamiCentral,2018.0,0.0,1.0,0.0,0.0
12086015002,Other,False,False,0,0,14.621579489357266,MiamiCentral,2018.0,0.0,0.0,0.0,0.0
12086005505,Other,False,False,0,0,3.5387386883633454,MiamiCentral,2018.0,0.0,0.0,0.0,0.0
12086010501,Other,False,False,0,0,19.037286880619146,MiamiCentral,2018.0,0.0,0.0,0.0,0.0
12086011302,Other,False,False,0,0,28.243402075900573,MiamiCentral,2018.0,0.0,0.0,0.0,0.0
12086010214,Other,False,False,0,0,17.894467530792635,MiamiCentral,2018.0,0.0,0.0,0.0,0.0
12086017901,Other,False,False,0,0,17.862949432578212,MiamiCentral,2018.0,0.0,0.0,0.0,0.0
12086011409,Other,False,False,0,0,27.933795937290608,MiamiCentral,2018.0,0.0,0.0,0.0,0.0
12086006902,Other,False,False,0,0,2.8322311088041165,MiamiCentral,2018.0,0.0,0.0,0.0,0.7565012230386063
12086008431,Other,False,False,0,0,12.841432824977407,MiamiCentral,2018.0,0.0,0.0,0.0,0.0
12086000224,Other,False,False,0,0,3.610924902773473,Aventura,2022.0,0.0,0.0,0.0,0.0
12086009809,Other,False,False,0,0,3.3215478954563116,Aventura,2022.0,0.0,0.0,0.0,0.056688113502973765
12086001209,Other,False,False,0,0,5.6699476238165385,Aventura,2022.0,0.0,0.0,0.0,0.0
12086000611,Other,False,False,0,0,7.188042779659757,MiamiCentral,2018.0,0.0,0.0,0.0,0.0
12086000509,Other,False,False,0,0,7.352664889232312,Aventura,2022.0,0.0,0.0,0.0,0.0
12086012001,Other,False,False,0,0,10.148138196054827,Aventura,2022.0,0.0,0.0,0.0,0.0
12086010024,Other,False,False,0,0,6.638383821372602,Aventura,2022.0,0.0,0.0,0.0,0.0
12086981100,Other,False,False,0,0,15.901527775968832,MiamiCentral,2018.0,0.0,0.0,0.0,0.0
12086011013,Other,False,False,0,0,24.30392987305459,MiamiCentral,2018.0,0.0,0.0,0.0,0.0
12099007775,Palm Beach,True,False,0,0,9.560071870625848,West Palm Beach,2018.0,0.0,0.0,0.0,0.0
12057014012,Hillsborough,False,True,0,1,81.9643688014378,Orlando,2023.0,0.0,0.0,0.0,0.0
12057011515,Hillsborough,False,True,0,1,77.44464527118633,Orlando,2023.0,0.0,0.0,0.0,0.0
12057013414,Hillsborough,False,True,0,1,68.34369115919299,Orlando,2023.0,0.0,0.0,0.0,0.0
12011080102,Broward,True,False,0,0,4.264056907742263,Fort Lauderdale,2018.0,0.0,0.0,0.0,0.10511989622753484
12115002735,Sarasota,False,True,0,1,113.20643060278636,Orlando,2023.0,0.0,0.0,0.0,0.0
12115002101,Sarasota,False,True,0,1,110.27391022286304,Orlando,2023.0,0.0,0.0,0.0,0.0
12115001509,Sarasota,False,True,0,1,105.6537644151967,Orlando,2023.0,0.0,0.0,0.0,0.0
12115001206,Sarasota,False,True,0,1,102.02134194477468,Orlando,2023.0,0.0,0.0,0.0,0.0
12095017810,Orange,True,False,0,0,23.29670225613199,Orlando,2023.0,0.0,0.0,0.0,0.0
12095016812,Orange,True,False,0,0,4.687928873238137,Orlando,2023.0,0.0,0.0,0.0,0.0
12095017120,Orange,True,False,0,0,17.257851467448813,Orlando,2023.0,0.0,0.0,0.0,0.0
12071050211,Lee,False,True,0,1,104.94752122972416,Fort Lauderdale,2018.0,0.0,0.0,0.0,0.0
12071050501,Lee,False,True,0,1,101.10086742698509,Fort Lauderdale,2018.0,0.0,0.0,0.0,0.0
12071050212,Lee,False,True,0,1,106.14070003973691,Fort Lauderdale,2018.0,0.0,0.0,0.0,0.0
12071010416,Lee,False,True,0,1,119.7860328388615,Fort Lauderdale,2018.0,0.0,0.0,0.0,0.0
12071010210,Lee,False,True,0,1,114.78515835661788,West Palm Beach,2018.0,0.0,0.0,0.0,0.0
12071020802,Lee,False,True,0,1,113.61660203637311,West Palm Beach,2018.0,0.0,0.0,0.0,0.0
12115002307,Sarasota,False,True,0,1,112.53042008656674,Orlando,2023.0,0.0,0.0,0.0,0.0
12011060128,Broward,True,False,0,0,7.1929816664585005,Fort Lauderdale,2018.0,0.0,0.0,0.0,0.0
12011060305,Broward,True,False,0,0,6.2489534399826026,Fort Lauderdale,2018.0,0.0,0.0,0.0,0.0
12011070321,Broward,True,False,0,0,13.711085519026664,Fort Lauderdale,2018.0,0.0,0.0,0.0,0.0
12011030201,Broward,True,False,0,0,6.175175212482775,Boca Raton,2022.0,0.0,0.0,0.0,0.0
12031012602,Duval,False,True,0,1,131.7183851248128,Orlando,2023.0,0.0,0.0,0.0,0.0
12031014702,Duval,False,True,0,1,136.64833794950636,Orlando,2023.0,0.0,0.0,0.0,0.0
12031014902,Duval,False,True,0,1,135.25378368826082,Orlando,2023.0,0.0,0.0,0.0,0.0
12095016747,Orange,True,False,0,0,11.189925886556669,Orlando,2023.0,0.0,0.0,0.0,0.0
12011050207,Broward,True,False,0,0,4.508743329497785,Fort Lauderdale,2018.0,0.0,0.0,0.0,0.0
12011041802,Broward,True,False,0,0,1.5655612079435874,Fort Lauderdale,2018.0,0.0,0.0,0.9631459242778092,0.03685407572219053
12071001602,Lee,False,True,0,1,109.97724661853691,Fort Lauderdale,2018.0,0.0,0.0,0.0,0.0
12071001801,Lee,False,True,0,1,113.30552822265844,Fort Lauderdale,2018.0,0.0,0.0,0.0,0.0
12031012100,Duval,False,True,0,1,134.18148373795285,Orlando,2023.0,0.0,0.0,0.0,0.0
12073001901,Leon,False,True,0,1,227.6366118154205,Orlando,2023.0,0.0,0.0,0.0,0.0
12073002411,Leon,False,True,0,1,234.19486741485917,Orlando,2023.0,0.0,0.0,0.0,0.0
12073002603,Leon,False,True,0,1,223.16099343569695,Orlando,2023.0,0.0,0.0,0.0,0.0
12099000104,Palm Beach,True,False,0,0,17.261014910897305,West Palm Beach,2018.0,0.0,0.0,0.0,0.0
12099005703,Palm Beach,True,False,0,0,10.811004599080539,West Palm Beach,2018.0,0.0,0.0,0.0,0.0
12099007845,Palm Beach,True,False,0,0,12.63922925570605,West Palm Beach,2018.0,0.0,0.0,0.0,0.0
12099007915,Palm Beach,True,False,0,0,16.945229703466826,West Palm Beach,2018.0,0.0,0.0,0.0,0.0
12099005821,Palm Beach,True,False,0,0,10.579770460497926,West Palm Beach,2018.0,0.0,0.0,0.0,0.0
12099007207,Palm Beach,True,False,0,0,3.3219437357038695,Boca Raton,2022.0,0.0,0.0,0.0,0.19899797197185287
12099007771,Palm Beach,True,False,0,0,13.90892794895558,West Palm Beach,2018.0,0.0,0.0,0.0,0.0
12095014814,Orange,True,False,0,0,15.462709503541292,Orlando,2023.0,0.0,0.0,0.0,0.0
12095018800,Orange,True,False,0,0,11.192458507410391,Orlando,2023.0,0.0,0.0,0.0,0.0
12095016749,Orange,True,False,0,0,11.32567874420813,Orlando,2023.0,0.0,0.0,0.0,0.0
12086006802,Other,False,False,0,0,2.9135912606316903,MiamiCentral,2018.0,0.0,0.0,0.0,0.5487434605461954
12011061003,Broward,True,False,0,0,8.667800040870874,Fort Lauderdale,2018.0,0.0,0.0,0.0,0.0
12086000129,Other,False,False,0,0,1.3835429916178354,Aventura,2022.0,0.0,0.0,1.0,0.0
12011110360,Broward,True,False,0,0,13.361807722922613,Aventura,2022.0,0.0,0.0,0.0,0.0
12011100108,Broward,True,False,0,0,2.7249685915688997,Aventura,2022.0,0.0,0.0,0.0,0.8710294132150018
12011090104,Broward,True,False,0,0,3.6534053736614576,Aventura,2022.0,0.0,0.0,0.0,0.0027463540122616083
12011070103,Broward,True,False,0,0,5.482720738077507,Fort Lauderdale,2018.0,0.0,0.0,0.0,0.0
12021011208,Collier,False,True,0,1,70.14514307350001,Fort Lauderdale,2018.0,0.0,0.0,0.0,0.0
12021011107,Collier,False,True,0,1,59.033296311588614,MiamiCentral,2018.0,0.0,0.0,0.0,0.0
12057010107,Hillsborough,False,True,0,1,54.77726363826965,Orlando,2023.0,0.0,0.0,0.0,0.0
12057013923,Hillsborough,False,True,0,1,68.88263124097949,Orlando,2023.0,0.0,0.0,0.0,0.0
12057013100,Hillsborough,False,True,0,1,60.33191277227483,Orlando,2023.0,0.0,0.0,0.0,0.0
12021010438,Collier,False,True,0,1,99.27545660875018,Fort Lauderdale,2018.0,0.0,0.0,0.0,0.0
12021010114,Collier,False,True,0,1,105.28625644983629,Fort Lauderdale,2018.0,0.0,0.0,0.0,0.0
12021010433,Collier,False,True,0,1,98.68607308598817,Fort Lauderdale,2018.0,0.0,0.0,0.0,0.0
12011050316,Broward,True,False,0,0,5.812468307369503,Fort Lauderdale,2018.0,0.0,0.0,0.0,0.0
12011110354,Broward,True,False,0,0,11.103748448372297,Aventura,2022.0,0.0,0.0,0.0,0.0
12099002703,Palm Beach,True,False,1,0,0.13987628235392133,West Palm Beach,2018.0,1.0,0.0,0.0,0.0
12099007621,Palm Beach,True,False,0,0,3.6147154580378817,Boca Raton,2022.0,0.0,0.0,0.0,0.0
12099003901,Palm Beach,True,False,0,0,5.963344686287285,West Palm Beach,2018.0,0.0,0.0,0.0,0.0
12011010306,Broward,True,False,0,0,3.042684910973208,Boca Raton,2022.0,0.0,0.0,0.0,0.44569472647270914
12011020326,Broward,True,False,0,0,13.258316950396956,Boca Raton,2022.0,0.0,0.0,0.0,0.0
12011043002,Broward,True,False,0,0,3.3866970834848593,Fort Lauderdale,2018.0,0.0,0.0,0.0,0.09415910539770872
12011020212,Broward,True,False,0,0,9.353079900350865,Fort Lauderdale,2018.0,0.0,0.0,0.0,0.0
12011051001,Broward,True,False,0,0,2.2381334386554737,Fort Lauderdale,2018.0,0.0,0.0,0.08710649432984387,0.9128935056701489
12031011500,Duval,False,True,0,1,137.53205010247737,Orlando,2023.0,0.0,0.0,0.0,0.0
12073001902,Leon,False,True,0,1,228.54576758998132,Orlando,2023.0,0.0,0.0,0.0,0.0
12073002701,Leon,False,True,0,1,228.6195987102506,Orlando,2023.0,0.0,0.0,0.0,0.0
12011110361,Broward,True,False,0,0,16.59547172831576,Aventura,2022.0,0.0,0.0,0.0,0.0
12011091903,Broward,True,False,0,0,3.4778630435790823,Aventura,2022.0,0.0,0.0,0.0,0.0
12011060405,Broward,True,False,0,0,4.157885592381435,Fort Lauderdale,2018.0,0.0,0.0,0.0,0.0
12099007773,Palm Beach,True,False,0,0,11.874561037553647,Boca Raton,2022.0,0.0,0.0,0.0,0.0
12099007770,Palm Beach,True,False,0,0,12.659103066455415,West Palm Beach,2018.0,0.0,0.0,0.0,0.0
12095016754,Orange,True,False,0,0,5.562698407501263,Orlando,2023.0,0.0,0.0,0.0,0.0
12011060121,Broward,True,False,0,0,9.949564971827831,Fort Lauderdale,2018.0,0.0,0.0,0.0,0.0
12011070304,Broward,True,False,0,0,12.221479555930532,Fort Lauderdale,2018.0,0.0,0.0,0.0,0.0
12011060114,Broward,True,False,0,0,8.280494979933632,Fort Lauderdale,2018.0,0.0,0.0,0.0,0.0
12011010604,Broward,True,False,0,0,10.464608762491798,Boca Raton,2022.0,0.0,0.0,0.0,0.0
12086000145,Other,False,False,0,0,1.0963546191358855,Aventura,2022.0,0.0,0.30123498481890965,0.6987650151810889,0.0
12086005504,Other,False,False,0,0,3.1216242669873857,MiamiCentral,2018.0,0.0,0.0,0.0,0.3574054773159605
12086008503,Other,False,False,0,0,9.860658307508249,MiamiCentral,2018.0,0.0,0.0,0.0,0.0
12057001700,Hillsborough,False,True,0,1,74.64032344480435,Orlando,2023.0,0.0,0.0,0.0,0.0
12057012702,Hillsborough,False,True,0,1,56.73628524127415,Orlando,2023.0,0.0,0.0,0.0,0.0
12057011413,Hillsborough,False,True,0,1,79.28504656264177,Orlando,2023.0,0.0,0.0,0.0,0.0
12057013205,Hillsborough,False,True,0,1,65.89708194919227,Orlando,2023.0,0.0,0.0,0.0,0.0
12057012304,Hillsborough,False,True,0,1,66.71762379268807,Orlando,2023.0,0.0,0.0,0.0,0.0
12071050105,Lee,False,True,0,1,109.79393868992162,Fort Lauderdale,2018.0,0.0,0.0,0.0,0.0
12071030100,Lee,False,True,0,1,104.12025380511615,West Palm Beach,2018.0,0.0,0.0,0.0,0.0
12071020600,Lee,False,True,0,1,113.36672758346903,West Palm Beach,2018.0,0.0,0.0,0.0,0.0
12086006002,Other,False,False,0,0,7.544527887130703,MiamiCentral,2018.0,0.0,0.0,0.0,0.0
12086000705,Other,False,False,0,0,9.546210267074356,MiamiCentral,2018.0,0.0,0.0,0.0,0.0
12086005303,Other,False,False,0,0,1.5436950039497237,MiamiCentral,2018.0,0.0,0.0,1.0,0.0
12086008416,Other,False,False,0,0,12.395315351750092,MiamiCentral,2018.0,0.0,0.0,0.0,0.0
12086001401,Other,False,False,0,0,4.296240368510723,MiamiCentral,2018.0,0.0,0.0,0.0,0.0
12086000409,Other,False,False,0,0,6.874489955915837,Aventura,2022.0,0.0,0.0,0.0,0.0
12057002702,Hillsborough,False,True,0,1,78.20079140371132,Orlando,2023.0,0.0,0.0,0.0,0.0
12057011018,Hillsborough,False,True,0,1,70.20291599373637,Orlando,2023.0,0.0,0.0,0.0,0.0
12086008423,Other,False,False,0,0,11.103140344555856,MiamiCentral,2018.0,0.0,0.0,0.0,0.0
12086011203,Other,False,False,0,0,27.425242375669605,MiamiCentral,2018.0,0.0,0.0,0.0,0.0
12086011407,Other,False,False,0,0,29.696410201354038,MiamiCentral,2018.0,0.0,0.0,0.0,0.0
12086010213,Other,False,False,0,0,18.440456458198987,MiamiCentral,2018.0,0.0,0.0,0.0,0.0
12086008315,Other,False,False,0,0,15.320363351540546,MiamiCentral,2018.0,0.0,0.0,0.0,0.0
12071010503,Lee,False,True,0,1,116.86883668158376,Fort Lauderdale,2018.0,0.0,0.0,0.0,0.0
12071001207,Lee,False,True,0,1,109.49829727888685,Fort Lauderdale,2018.0,0.0,0.0,0.0,0.0
12071000304,Lee,False,True,0,1,111.04996943972932,West Palm Beach,2018.0,0.0,0.0,0.0,0.0
12071001923,Lee,False,True,0,1,116.31176182639783,Fort Lauderdale,2018.0,0.0,0.0,0.0,0.0
12071040133,Lee,False,True,0,1,106.20275323986787,Fort Lauderdale,2018.0,0.0,0.0,0.0,0.0
12071001920,Lee,False,True,0,1,111.13399529799405,Fort Lauderdale,2018.0,0.0,0.0,0.0,0.0
12095016607,Orange,True,False,0,0,15.486315803721341,Orlando,2023.0,0.0,0.0,0.0,0.0
12095017113,Orange,True,False,0,0,20.205069390926845,Orlando,2023.0,0.0,0.0,0.0,0.0
12095014607,Orange,True,False,0,0,10.017708563561104,Orlando,2023.0,0.0,0.0,0.0,0.0
12095018902,Orange,True,False,0,0,10.061175135130567,Orlando,2023.0,0.0,0.0,0.0,0.0
12095017020,Orange,True,False,0,0,7.269081838195328,Orlando,2023.0,0.0,0.0,0.0,0.0
12095015105,Orange,True,False,0,0,17.942419217912395,Orlando,2023.0,0.0,0.0,0.0,0.0
12095014904,Orange,True,False,0,0,14.904155170137464,Orlando,2023.0,0.0,0.0,0.0,0.0
12095015501,Orange,True,False,0,0,15.510651341537775,Orlando,2023.0,0.0,0.0,0.0,0.0
12095014906,Orange,True,False,0,0,16.675787627532234,Orlando,2023.0,0.0,0.0,0.0,0.0
12095017301,Orange,True,False,0,0,20.752922150583387,Orlando,2023.0,0.0,0.0,0.0,0.0
12086010625,Other,False,False,0,0,17.682623348404473,MiamiCentral,2018.0,0.0,0.0,0.0,0.0
12086006608,Other,False,False,0,0,1.6401744973553618,MiamiCentral,2018.0,0.0,0.0,0.9067150256361657,0.09328497436383192
12086000142,Other,False,False,0,0,1.0256260316129155,Aventura,2022.0,0.0,0.44508699427697473,0.5549130057230401,0.0
12086006717,Other,False,False,0,0,1.1923999384538282,MiamiCentral,2018.0,0.0,0.0,0.9999999999999997,0.0
12115002508,Sarasota,False,True,0,1,116.61640079205648,Orlando,2023.0,0.0,0.0,0.0,0.0
12086010301,Other,False,False,0,0,22.703694874145192,MiamiCentral,2018.0,0.0,0.0,0.0,0.0
12001000700,Alachua,False,True,0,1,102.66514650156749,Orlando,2023.0,0.0,0.0,0.0,0.0
12001000902,Alachua,False,True,0,1,105.79091930544834,Orlando,2023.0,0.0,0.0,0.0,0.0
12021010423,Collier,False,True,0,1,93.38169588127533,Fort Lauderdale,2018.0,0.0,0.0,0.0,0.0
12057002300,Hillsborough,False,True,0,1,76.29395427438585,Orlando,2023.0,0.0,0.0,0.0,0.0
12057010701,Hillsborough,False,True,0,1,70.00815869095202,Orlando,2023.0,0.0,0.0,0.0,0.0
12021010902,Collier,False,True,0,1,93.60081001139304,MiamiCentral,2018.0,0.0,0.0,0.0,0.0
12021000102,Collier,False,True,0,1,102.66770488055352,Fort Lauderdale,2018.0,0.0,0.0,0.0,0.0
12071050210,Lee,False,True,0,1,104.28139944322695,Fort Lauderdale,2018.0,0.0,0.0,0.0,0.0
12071010207,Lee,False,True,0,1,117.0416807242769,West Palm Beach,2018.0,0.0,0.0,0.0,0.0
12071040129,Lee,False,True,0,1,105.41769123785747,Boca Raton,2022.0,0.0,0.0,0.0,0.0
12071001204,Lee,False,True,0,1,108.77825250552974,Boca Raton,2022.0,0.0,0.0,0.0,0.0
12115002738,Sarasota,False,True,0,1,107.93564918613694,Orlando,2023.0,0.0,0.0,0.0,0.0
12057010401,Hillsborough,False,True,0,1,69.92618597375478,Orlando,2023.0,0.0,0.0,0.0,0.0
12095017401,Orange,True,False,0,0,20.16720854320227,Orlando,2023.0,0.0,0.0,0.0,0.0
12095017110,Orange,True,False,0,0,14.120699431378446,Orlando,2023.0,0.0,0.0,0.0,0.0
12095017015,Orange,True,False,0,0,9.55816656585629,Orlando,2023.0,0.0,0.0,0.0,0.0
12057011605,Hillsborough,False,True,0,1,80.0950996138853,Orlando,2023.0,0.0,0.0,0.0,0.0
12057010501,Hillsborough,False,True,0,1,72.42084100574652,Orlando,2023.0,0.0,0.0,0.0,0.0
12057013702,Hillsborough,False,True,0,1,73.83090142237384,Orlando,2023.0,0.0,0.0,0.0,0.0
12099005412,Palm Beach,True,False,0,0,9.76842410429951,West Palm Beach,2018.0,0.0,0.0,0.0,0.0
12099006606,Palm Beach,True,False,0,0,9.545008628730692,Boca Raton,2022.0,0.0,0.0,0.0,0.0
12099007844,Palm Beach,True,False,0,0,12.166679311494192,West Palm Beach,2018.0,0.0,0.0,0.0,0.0
12031002801,Duval,False,True,0,1,136.27086681490977,Orlando,2023.0,0.0,0.0,0.0,0.0
12031011903,Duval,False,True,0,1,134.276736527206,Orlando,2023.0,0.0,0.0,0.0,0.0
12031011901,Duval,False,True,0,1,135.47182414273962,Orlando,2023.0,0.0,0.0,0.0,0.0
12086010400,Other,False,False,0,0,20.83106857891443,MiamiCentral,2018.0,0.0,0.0,0.0,0.0
12086006801,Other,False,False,0,0,3.921256414621862,MiamiCentral,2018.0,0.0,0.0,0.0,0.0
12086008418,Other,False,False,0,0,12.419686058256199,MiamiCentral,2018.0,0.0,0.0,0.0,0.0
12086000132,Other,False,False,0,0,1.2891256422925812,Aventura,2022.0,0.0,0.0563216906003175,0.9436783093996872,0.0
12095014302,Orange,True,False,0,0,6.044777998904832,Orlando,2023.0,0.0,0.0,0.0,0.0
12095012500,Orange,True,False,0,0,13.684047387837651,Orlando,2023.0,0.0,0.0,0.0,0.0
12095012307,Orange,True,False,0,0,15.222460587542058,Orlando,2023.0,0.0,0.0,0.0,0.0
12095011000,Orange,True,False,0,0,9.415083225738977,Orlando,2023.0,0.0,0.0,0.0,0.0
12095016411,Orange,True,False,0,0,11.990631515089731,Orlando,2023.0,0.0,0.0,0.0,0.0
12011020321,Broward,True,False,0,0,11.067917495242295,Fort Lauderdale,2018.0,0.0,0.0,0.0,0.0
12011030401,Broward,True,False,0,0,7.509049520389939,Boca Raton,2022.0,0.0,0.0,0.0,0.0
12011070312,Broward,True,False,0,0,14.6669214377429,Fort Lauderdale,2018.0,0.0,0.0,0.0,0.0
12011070311,Broward,True,False,0,0,14.490556307820194,Fort Lauderdale,2018.0,0.0,0.0,0.0,0.0
12095017121,Orange,True,False,0,0,11.17424677413549,Orlando,2023.0,0.0,0.0,0.0,0.0
12095017814,Orange,True,False,0,0,26.370216133923584,Orlando,2023.0,0.0,0.0,0.0,0.0
12071001908,Lee,False,True,0,1,112.96926327862153,Fort Lauderdale,2018.0,0.0,0.0,0.0,0.0
12071040127,Lee,False,True,0,1,101.91803040693222,West Palm Beach,2018.0,0.0,0.0,0.0,0.0
12095013405,Orange,True,False,0,0,7.7066493459694,Orlando,2023.0,0.0,0.0,0.0,0.0
12099007747,Palm Beach,True,False,0,0,6.191354272531951,Boca Raton,2022.0,0.0,0.0,0.0,0.0
12095017809,Orange,True,False,0,0,24.592348342614027,Orlando,2023.0,0.0,0.0,0.0,0.0
12095012404,Orange,True,False,0,0,15.812878360217221,Orlando,2023.0,0.0,0.0,0.0,0.0
12031016812,Duval,False,True,0,1,119.83398122909644,Orlando,2023.0,0.0,0.0,0.0,0.0
12031014704,Duval,False,True,0,1,136.63772244055116,Orlando,2023.0,0.0,0.0,0.0,0.0
12031014341,Duval,False,True,0,1,130.8796291230313,Orlando,2023.0,0.0,0.0,0.0,0.0
12031017200,Duval,False,True,0,1,134.08843163270035,Orlando,2023.0,0.0,0.0,0.0,0.0
12031014330,Duval,False,True,0,1,134.8140044264433,Orlando,2023.0,0.0,0.0,0.0,0.0
12011070310,Broward,True,False,0,0,13.136580102069038,Fort Lauderdale,2018.0,0.0,0.0,0.0,0.0
12099000902,Palm Beach,True,False,0,0,8.301517015972768,West Palm Beach,2018.0,0.0,0.0,0.0,0.0
12099001404,Palm Beach,True,False,0,0,4.664249797423416,West Palm Beach,2018.0,0.0,0.0,0.0,0.0
12086002708,Other,False,False,0,0,1.8206537152564388,MiamiCentral,2018.0,0.0,0.0,0.647907348622024,0.35209265137798423
12086007503,Other,False,False,0,0,6.5509075122659945,MiamiCentral,2018.0,0.0,0.0,0.0,0.0
12086019200,Other,False,False,0,0,14.676178586425495,MiamiCentral,2018.0,0.0,0.0,0.0,0.0
12086018200,Other,False,False,0,0,19.136434576487222,MiamiCentral,2018.0,0.0,0.0,0.0,0.0
12099004815,Palm Beach,True,False,0,0,7.442608130381288,West Palm Beach,2018.0,0.0,0.0,0.0,0.0
12099007837,Palm Beach,True,False,0,0,9.039904169410338,West Palm Beach,2018.0,0.0,0.0,0.0,0.0
12086012002,Other,False,False,0,0,10.516267209073858,Aventura,2022.0,0.0,0.0,0.0,0.0
12086009319,Other,False,False,0,0,10.899255868868197,Aventura,2022.0,0.0,0.0,0.0,0.0
12086006720,Other,False,False,0,0,0.8234709534697733,MiamiCentral,2018.0,0.0,0.9999999999999999,0.0,0.0
12073001701,Leon,False,True,0,1,228.4565630844665,Orlando,2023.0,0.0,0.0,0.0,0.0
12099005938,Palm Beach,True,False,0,0,7.953350531275829,Boca Raton,2022.0,0.0,0.0,0.0,0.0
12099007749,Palm Beach,True,False,0,0,8.416520532243407,Boca Raton,2022.0,0.0,0.0,0.0,0.0
12099980400,Palm Beach,True,False,0,0,18.723672684265892,Boca Raton,2022.0,0.0,0.0,0.0,0.0
12099004602,Palm Beach,True,False,0,0,6.847870458274253,West Palm Beach,2018.0,0.0,0.0,0.0,0.0
12099005952,Palm Beach,True,False,0,0,11.600305364363757,Boca Raton,2022.0,0.0,0.0,0.0,0.0
12086001607,Other,False,False,0,0,4.8284194527714925,MiamiCentral,2018.0,0.0,0.0,0.0,0.0
12021000402,Collier,False,True,0,1,103.37096981448882,Fort Lauderdale,2018.0,0.0,0.0,0.0,0.0
12021000500,Collier,False,True,0,1,102.15569053462478,MiamiCentral,2018.0,0.0,0.0,0.0,0.0
12001000301,Alachua,False,True,0,1,106.40062551719586,Orlando,2023.0,0.0,0.0,0.0,0.0
12086007808,Other,False,False,0,0,9.65381599856268,MiamiCentral,2018.0,0.0,0.0,0.0,0.0
12086008421,Other,False,False,0,0,13.557493902471167,MiamiCentral,2018.0,0.0,0.0,0.0,0.0
12086006715,Other,False,False,0,0,1.8358547386123627,MiamiCentral,2018.0,0.0,0.0,0.6712724986895724,0.328727501310427
12086000415,Other,False,False,0,0,6.9587342978215,MiamiCentral,2018.0,0.0,0.0,0.0,0.0
12086007706,Other,False,False,0,0,8.733840395059644,MiamiCentral,2018.0,0.0,0.0,0.0,0.0
12086005806,Other,False,False,0,0,5.633655235591232,MiamiCentral,2018.0,0.0,0.0,0.0,0.0
12086010303,Other,False,False,0,0,24.531079573476273,MiamiCentral,2018.0,0.0,0.0,0.0,0.0
12086011206,Other,False,False,0,0,26.97568515290616,MiamiCentral,2018.0,0.0,0.0,0.0,0.0
12086000906,Other,False,False,0,0,6.403400625115413,MiamiCentral,2018.0,0.0,0.0,0.0,0.0
12115001801,Sarasota,False,True,0,1,108.34933428656147,Orlando,2023.0,0.0,0.0,0.0,0.0
12115001202,Sarasota,False,True,0,1,102.54237011452689,Orlando,2023.0,0.0,0.0,0.0,0.0
12021010805,Collier,False,True,0,1,95.92595893274549,MiamiCentral,2018.0,0.0,0.0,0.0,0.0
12021010111,Collier,False,True,0,1,103.8004313816289,Fort Lauderdale,2018.0,0.0,0.0,0.0,0.0
12057011017,Hillsborough,False,True,0,1,68.72461695362233,Orlando,2023.0,0.0,0.0,0.0,0.0
12057013925,Hillsborough,False,True,0,1,73.05343445612452,Orlando,2023.0,0.0,0.0,0.0,0.0
12115001805,Sarasota,False,True,0,1,108.26395276975283,Orlando,2023.0,0.0,0.0,0.0,0.0
12115002602,Sarasota,False,True,0,1,117.89859057273408,Orlando,2023.0,0.0,0.0,0.0,0.0
12057006802,Hillsborough,False,True,0,1,80.4910016674256,Orlando,2023.0,0.0,0.0,0.0,0.0
12057011509,Hillsborough,False,True,0,1,77.95699191078347,Orlando,2023.0,0.0,0.0,0.0,0.0
12057013208,Hillsborough,False,True,0,1,66.02485866527086,Orlando,2023.0,0.0,0.0,0.0,0.0
12031013523,Duval,False,True,0,1,128.24669686245252,Orlando,2023.0,0.0,0.0,0.0,0.0
12031014703,Duval,False,True,0,1,137.5287104286775,Orlando,2023.0,0.0,0.0,0.0,0.0
12057005102,Hillsborough,False,True,0,1,76.93506974414923,Orlando,2023.0,0.0,0.0,0.0,0.0
12086017800,Other,False,False,0,0,16.420525232506222,MiamiCentral,2018.0,0.0,0.0,0.0,0.0
12086009314,Other,False,False,0,0,10.03916246026686,MiamiCentral,2018.0,0.0,0.0,0.0,0.0
12086010205,Other,False,False,0,0,17.652083277769506,MiamiCentral,2018.0,0.0,0.0,0.0,0.0
12086001502,Other,False,False,0,0,4.540812264086856,MiamiCentral,2018.0,0.0,0.0,0.0,0.0
12086002004,Other,False,False,0,0,3.413051937382952,MiamiCentral,2018.0,0.0,0.0,0.0,0.0
12086000204,Other,False,False,0,0,3.5161435067525653,Aventura,2022.0,0.0,0.0,0.0,0.04370704352685328
12021011212,Collier,False,True,0,1,89.5621380904969,Fort Lauderdale,2018.0,0.0,0.0,0.0,0.0
12011060700,Broward,True,False,0,0,4.977689104974017,Fort Lauderdale,2018.0,0.0,0.0,0.0,0.0
12011020313,Broward,True,False,0,0,12.60787717767138,Fort Lauderdale,2018.0,0.0,0.0,0.0,0.0
12011040502,Broward,True,False,0,0,3.322095553512672,Fort Lauderdale,2018.0,0.0,0.0,0.0,0.2684121231374435
12011110309,Broward,True,False,0,0,10.494989106649298,Aventura,2022.0,0.0,0.0,0.0,0.0
12057014400,Hillsborough,False,True,0,1,85.01758054074207,Orlando,2023.0,0.0,0.0,0.0,0.0
12099001920,Palm Beach,True,False,0,0,3.81867507472387,West Palm Beach,2018.0,0.0,0.0,0.0,0.0
12031016711,Duval,False,True,0,1,125.22773186642671,Orlando,2023.0,0.0,0.0,0.0,0.0
12031013800,Duval,False,True,0,1,136.2893526069724,Orlando,2023.0,0.0,0.0,0.0,0.0
12031002702,Duval,False,True,0,1,134.972883590897,Orlando,2023.0,0.0,0.0,0.0,0.0
12031002400,Duval,False,True,0,1,130.6838700190024,Orlando,2023.0,0.0,0.0,0.0,0.0
12099004821,Palm Beach,True,False,0,0,9.627099790963308,West Palm Beach,2018.0,0.0,0.0,0.0,0.0
12099003802,Palm Beach,True,False,0,0,3.9913096107373,West Palm Beach,2018.0,0.0,0.0,0.0,0.0009110150579331251
12099007919,Palm Beach,True,False,0,0,13.066632499385257,West Palm Beach,2018.0,0.0,0.0,0.0,0.0
12057013002,Hillsborough,False,True,0,1,56.205245286814794,Orlando,2023.0,0.0,0.0,0.0,0.0
12031013901,Duval,False,True,0,1,134.34223348800086,Orlando,2023.0,0.0,0.0,0.0,0.0
12086009028,Other,False,False,0,0,10.315007434631196,MiamiCentral,2018.0,0.0,0.0,0.0,0.0
12001001908,Alachua,False,True,0,1,112.02753619671687,Orlando,2023.0,0.0,0.0,0.0,0.0
12071050315,Lee,False,True,0,1,102.99096423409658,Fort Lauderdale,2018.0,0.0,0.0,0.0,0.0
12071001104,Lee,False,True,0,1,111.2477107733094,Boca Raton,2022.0,0.0,0.0,0.0,0.0
12071001711,Lee,False,True,0,1,112.62439096383845,Fort Lauderdale,2018.0,0.0,0.0,0.0,0.0
12095016414,Orange,True,False,0,0,12.701268795534025,Orlando,2023.0,0.0,0.0,0.0,0.0
12071010404,Lee,False,True,0,1,118.6459626779221,Boca Raton,2022.0,0.0,0.0,0.0,0.0
12115002016,Sarasota,False,True,0,1,107.67950864033467,Orlando,2023.0,0.0,0.0,0.0,0.0
12099007847,Palm Beach,True,False,0,0,20.075991239896954,West Palm Beach,2018.0,0.0,0.0,0.0,0.0
12099004820,Palm Beach,True,False,0,0,9.385250055880666,West Palm Beach,2018.0,0.0,0.0,0.0,0.0
12031011800,Duval,False,True,0,1,135.4855688991504,Orlando,2023.0,0.0,0.0,0.0,0.0
12115002305,Sarasota,False,True,0,1,113.48114696021393,Orlando,2023.0,0.0,0.0,0.0,0.0
12057011010,Hillsborough,False,True,0,1,71.26137583694002,Orlando,2023.0,0.0,0.0,0.0,0.0
12057013319,Hillsborough,False,True,0,1,71.5855992087922,Orlando,2023.0,0.0,0.0,0.0,0.0
12057012107,Hillsborough,False,True,0,1,66.6551763020592,Orlando,2023.0,0.0,0.0,0.0,0.0
12095016733,Orange,True,False,0,0,4.911761502500863,Orlando,2023.0,0.0,0.0,0.0,0.0
12095014608,Orange,True,False,0,0,11.431181433991325,Orlando,2023.0,0.0,0.0,0.0,0.0
12011060124,Broward,True,False,0,0,6.320034571272232,Fort Lauderdale,2018.0,0.0,0.0,0.0,0.0
12011030203,Broward,True,False,0,0,5.986154579101596,Boca Raton,2022.0,0.0,0.0,0.0,0.0
12011030904,Broward,True,False,0,0,6.946292465511929,Fort Lauderdale,2018.0,0.0,0.0,0.0,0.0
12071001915,Lee,False,True,0,1,117.47940311253416,Fort Lauderdale,2018.0,0.0,0.0,0.0,0.0
12071070102,Lee,False,True,0,1,127.12181041998696,Boca Raton,2022.0,0.0,0.0,0.0,0.0
12095012303,Orange,True,False,0,0,17.060179137950442,Orlando,2023.0,0.0,0.0,0.0,0.0
12095014701,Orange,True,False,0,0,13.154376403327232,Orlando,2023.0,0.0,0.0,0.0,0.0
12031014604,Duval,False,True,0,1,133.22573112266755,Orlando,2023.0,0.0,0.0,0.0,0.0
12031016807,Duval,False,True,0,1,122.30134747969028,Orlando,2023.0,0.0,0.0,0.0,0.0
12099007742,Palm Beach,True,False,0,0,6.9096576663484575,Boca Raton,2022.0,0.0,0.0,0.0,0.0
12099980100,Palm Beach,True,False,0,0,8.629070047755384,West Palm Beach,2018.0,0.0,0.0,0.0,0.0
12099006011,Palm Beach,True,False,0,0,12.514636959467628,Boca Raton,2022.0,0.0,0.0,0.0,0.0
12099004601,Palm Beach,True,False,0,0,6.378166559541876,West Palm Beach,2018.0,0.0,0.0,0.0,0.0
12099008203,Palm Beach,True,False,0,0,36.16739714224291,West Palm Beach,2018.0,0.0,0.0,0.0,0.0
12021010904,Collier,False,True,0,1,95.98482794913794,MiamiCentral,2018.0,0.0,0.0,0.0,0.0
12099000410,Palm Beach,True,False,0,0,10.832433734064496,West Palm Beach,2018.0,0.0,0.0,0.0,0.0
12095014806,Orange,True,False,0,0,14.270055266383979,Orlando,2023.0,0.0,0.0,0.0,0.0
12095016713,Orange,True,False,0,0,10.486205013699253,Orlando,2023.0,0.0,0.0,0.0,0.0
12011010405,Broward,True,False,0,0,6.245278302376474,Boca Raton,2022.0,0.0,0.0,0.0,0.0
12011042100,Broward,True,False,0,0,2.475306969110899,Fort Lauderdale,2018.0,0.0,0.0,0.0,1.0
12011070315,Broward,True,False,0,0,14.544518595471901,Fort Lauderdale,2018.0,0.0,0.0,0.0,0.0
12073001602,Leon,False,True,0,1,230.30118592290464,Orlando,2023.0,0.0,0.0,0.0,0.0
12073001101,Leon,False,True,0,1,226.7956935505416,Orlando,2023.0,0.0,0.0,0.0,0.0
12073002303,Leon,False,True,0,1,234.87213612924137,Orlando,2023.0,0.0,0.0,0.0,0.0
12071060203,Lee,False,True,0,1,110.45536021932874,Fort Lauderdale,2018.0,0.0,0.0,0.0,0.0
12086003005,Other,False,False,0,0,2.609601663412257,MiamiCentral,2018.0,0.0,0.0,0.0,0.9920449667777821
12086006605,Other,False,False,0,0,0.9099957818562198,MiamiCentral,2018.0,0.0,0.8217442977629535,0.178255702236957,0.0
12086005708,Other,False,False,0,0,5.070472827814391,MiamiCentral,2018.0,0.0,0.0,0.0,0.0
12073002416,Leon,False,True,0,1,229.7534945867079,Orlando,2023.0,0.0,0.0,0.0,0.0
12086011406,Other,False,False,0,0,29.68983622180141,MiamiCentral,2018.0,0.0,0.0,0.0,0.0
12086008428,Other,False,False,0,0,12.533564707213918,MiamiCentral,2018.0,0.0,0.0,0.0,0.0
12086011411,Other,False,False,0,0,27.3251986686922,MiamiCentral,2018.0,0.0,0.0,0.0,0.0
12086000416,Other,False,False,0,0,6.885179088181683,MiamiCentral,2018.0,0.0,0.0,0.0,0.0
12086010022,Other,False,False,0,0,7.9824411364082435,Aventura,2022.0,0.0,0.0,0.0,0.0
12086006706,Other,False,False,0,0,2.0760811737466125,MiamiCentral,2018.0,0.0,0.0,0.28711599533449605,0.7128840046655139
12086000122,Other,False,False,0,0,1.3720726377780121,Aventura,2022.0,0.0,0.0,1.0,0.0
12086003704,Other,False,False,0,0,0.5089662628896986,MiamiCentral,2018.0,0.4430276183705992,0.556972381629358,0.0,0.0
12086019000,Other,False,False,0,0,14.983277161897151,MiamiCentral,2018.0,0.0,0.0,0.0,0.0
12011020316,Broward,True,False,0,0,10.162803313994353,Fort Lauderdale,2018.0,0.0,0.0,0.0,0.0
12011010603,Broward,True,False,0,0,11.370864308173532,Boca Raton,2022.0,0.0,0.0,0.0,0.0
12086007707,Other,False,False,0,0,9.10817964608192,MiamiCentral,2018.0,0.0,0.0,0.0,0.0
12086009063,Other,False,False,0,0,11.708617931998502,MiamiCentral,2018.0,0.0,0.0,0.0,0.0
12011070325,Broward,True,False,0,0,14.46209967027445,Fort Lauderdale,2018.0,0.0,0.0,0.0,0.0
12011110359,Broward,True,False,0,0,15.856103677717126,Aventura,2022.0,0.0,0.0,0.0,0.0
12086005705,Other,False,False,0,0,4.803301306268898,MiamiCentral,2018.0,0.0,0.0,0.0,0.0
12086010211,Other,False,False,0,0,17.997435292461436,MiamiCentral,2018.0,0.0,0.0,0.0,0.0
12086010624,Other,False,False,0,0,16.59764699548318,MiamiCentral,2018.0,0.0,0.0,0.0,0.0
12086011012,Other,False,False,0,0,25.079173739546633,MiamiCentral,2018.0,0.0,0.0,0.0,0.0
12086001008,Other,False,False,0,0,5.080719632978259,MiamiCentral,2018.0,0.0,0.0,0.0,0.0
12086010020,Other,False,False,0,0,7.633982671011896,Aventura,2022.0,0.0,0.0,0.0,0.0
12086012401,Other,False,False,0,0,11.73038705081149,Aventura,2022.0,0.0,0.0,0.0,0.0
12071040123,Lee,False,True,0,1,105.44287501989312,West Palm Beach,2018.0,0.0,0.0,0.0,0.0
12057010402,Hillsborough,False,True,0,1,70.42838994484543,Orlando,2023.0,0.0,0.0,0.0,0.0
12057014108,Hillsborough,False,True,0,1,83.87225527364627,Orlando,2023.0,0.0,0.0,0.0,0.0
12001000600,Alachua,False,True,0,1,104.13565424875867,Orlando,2023.0,0.0,0.0,0.0,0.0
12001002101,Alachua,False,True,0,1,95.93986782500573,Orlando,2023.0,0.0,0.0,0.0,0.0
12057004700,Hillsborough,False,True,0,1,80.32573388408863,Orlando,2023.0,0.0,0.0,0.0,0.0
12057011304,Hillsborough,False,True,0,1,76.32971914054697,Orlando,2023.0,0.0,0.0,0.0,0.0
12057013409,Hillsborough,False,True,0,1,67.49635538902886,Orlando,2023.0,0.0,0.0,0.0,0.0
12011040401,Broward,True,False,0,0,4.535045671091228,Fort Lauderdale,2018.0,0.0,0.0,0.0,0.0
12115002601,Sarasota,False,True,0,1,118.17832685545206,Orlando,2023.0,0.0,0.0,0.0,0.0
12099008002,Palm Beach,True,False,0,0,38.9140130149226,West Palm Beach,2018.0,0.0,0.0,0.0,0.0
12071050208,Lee,False,True,0,1,106.48610934092896,Fort Lauderdale,2018.0,0.0,0.0,0.0,0.0
12086009317,Other,False,False,0,0,10.563995120131114,MiamiCentral,2018.0,0.0,0.0,0.0,0.0
12086012502,Other,False,False,0,0,12.54672024386655,MiamiCentral,2018.0,0.0,0.0,0.0,0.0
12086010026,Other,False,False,0,0,8.062067521091441,Aventura,2022.0,0.0,0.0,0.0,0.0
12057011802,Hillsborough,False,True,0,1,78.74174798133417,Orlando,2023.0,0.0,0.0,0.0,0.0
12095015006,Orange,True,False,0,0,17.862916174453837,Orlando,2023.0,0.0,0.0,0.0,0.0
12057011008,Hillsborough,False,True,0,1,69.29847033043711,Orlando,2023.0,0.0,0.0,0.0,0.0
12086001702,Other,False,False,0,0,4.031091396553542,MiamiCentral,2018.0,0.0,0.0,0.0,0.0
12086003004,Other,False,False,0,0,1.5881476231502851,MiamiCentral,2018.0,0.0,0.0,0.9999052045462272,9.479545377330493e-05
12057007102,Hillsborough,False,True,0,1,82.99247040560748,Orlando,2023.0,0.0,0.0,0.0,0.0
12057011107,Hillsborough,False,True,0,1,74.61639179340368,Orlando,2023.0,0.0,0.0,0.0,0.0
12057011712,Hillsborough,False,True,0,1,82.60539544222367,Orlando,2023.0,0.0,0.0,0.0,0.0
12057014007,Hillsborough,False,True,0,1,77.95943860536882,Orlando,2023.0,0.0,0.0,0.0,0.0
12071040212,Lee,False,True,0,1,98.34632539268767,Boca Raton,2022.0,0.0,0.0,0.0,0.0
12071050401,Lee,False,True,0,1,102.88216544090112,Fort Lauderdale,2018.0,0.0,0.0,0.0,0.0
12071020301,Lee,False,True,0,1,111.51598562952158,West Palm Beach,2018.0,0.0,0.0,0.0,0.0
12071001203,Lee,False,True,0,1,110.32310766840865,Boca Raton,2022.0,0.0,0.0,0.0,0.0
12031010602,Duval,False,True,0,1,140.645082478018,Orlando,2023.0,0.0,0.0,0.0,0.0
12031016809,Duval,False,True,0,1,121.19164288308623,Orlando,2023.0,0.0,0.0,0.0,0.0
12115002747,Sarasota,False,True,0,1,106.21101424804806,Orlando,2023.0,0.0,0.0,0.0,0.0
12115002744,Sarasota,False,True,0,1,105.23125722989526,Orlando,2023.0,0.0,0.0,0.0,0.0
12095016737,Orange,True,False,0,0,15.989249227289074,Orlando,2023.0,0.0,0.0,0.0,0.0
12115002721,Sarasota,False,True,0,1,110.16923455453828,Orlando,2023.0,0.0,0.0,0.0,0.0
12031014424,Duval,False,True,0,1,126.35026224849686,Orlando,2023.0,0.0,0.0,0.0,0.0
12115002727,Sarasota,False,True,0,1,106.6497848515083,Orlando,2023.0,0.0,0.0,0.0,0.0
12011110327,Broward,True,False,0,0,12.521566574812505,Aventura,2022.0,0.0,0.0,0.0,0.0
12031010107,Duval,False,True,0,1,145.17867814284992,Orlando,2023.0,0.0,0.0,0.0,0.0
12099007768,Palm Beach,True,False,0,0,5.843854478693382,Boca Raton,2022.0,0.0,0.0,0.0,0.0
12095014100,Orange,True,False,0,0,4.558922346348066,Orlando,2023.0,0.0,0.0,0.0,0.0
12095013505,Orange,True,False,0,0,6.747658322909774,Orlando,2023.0,0.0,0.0,0.0,0.0
12031010401,Duval,False,True,0,1,140.64351052753562,Orlando,2023.0,0.0,0.0,0.0,0.0
12031010301,Duval,False,True,0,1,147.07499528832884,Orlando,2023.0,0.0,0.0,0.0,0.0
12011020419,Broward,True,False,0,0,9.69055413181447,Fort Lauderdale,2018.0,0.0,0.0,0.0,0.0
12011100301,Broward,True,False,0,0,1.5004960068696833,Aventura,2022.0,0.0,0.0,1.0,0.0
12011060215,Broward,True,False,0,0,8.514758848056145,Fort Lauderdale,2018.0,0.0,0.0,0.0,0.0
12099003512,Palm Beach,True,False,1,0,0.9980076067771121,West Palm Beach,2018.0,0.0,0.46638117358840875,0.5336188264115976,0.0
12099007766,Palm Beach,True,False,0,0,6.607585262686127,Boca Raton,2022.0,0.0,0.0,0.0,0.0
12099002701,Palm Beach,True,False,1,0,0.384974327252209,West Palm Beach,2018.0,0.6327077822102442,0.36729221778975624,0.0,0.0
12011010614,Broward,True,False,0,0,7.580920434163107,Boca Raton,2022.0,0.0,0.0,0.0,0.0
12095014000,Orange,True,False,0,0,5.977984543222508,Orlando,2023.0,0.0,0.0,0.0,0.0
12011070323,Broward,True,False,0,0,11.071753947225853,Fort Lauderdale,2018.0,0.0,0.0,0.0,0.0
12086008208,Other,False,False,0,0,15.1184391564773,MiamiCentral,2018.0,0.0,0.0,0.0,0.0
12071000503,Lee,False,True,0,1,109.58140316089626,West Palm Beach,2018.0,0.0,0.0,0.0,0.0
12071010501,Lee,False,True,0,1,116.86230073250394,Fort Lauderdale,2018.0,0.0,0.0,0.0,0.0
12071050601,Lee,False,True,0,1,104.62509001521379,Fort Lauderdale,2018.0,0.0,0.0,0.0,0.0
12057006503,Hillsborough,False,True,0,1,82.34498549872744,Orlando,2023.0,0.0,0.0,0.0,0.0
12086004304,Other,False,False,0,0,3.575135648250356,MiamiCentral,2018.0,0.0,0.0,0.0,0.0
12011040801,Broward,True,False,0,0,1.6701203412236085,Fort Lauderdale,2018.0,0.0,0.0,0.8929152260039793,0.10708477399602194
12011110303,Broward,True,False,0,0,15.376975612198246,Aventura,2022.0,0.0,0.0,0.0,0.0
12086015502,Other,False,False,0,0,12.8063702227066,MiamiCentral,2018.0,0.0,0.0,0.0,0.0
12086005805,Other,False,False,0,0,5.050370633790648,MiamiCentral,2018.0,0.0,0.0,0.0,0.0
12086015201,Other,False,False,0,0,16.87771987641244,MiamiCentral,2018.0,0.0,0.0,0.0,0.0
12086010705,Other,False,False,0,0,23.033031391216575,MiamiCentral,2018.0,0.0,0.0,0.0,0.0
12086008504,Other,False,False,0,0,10.057457032194312,MiamiCentral,2018.0,0.0,0.0,0.0,0.0
12057010810,Hillsborough,False,True,0,1,68.75950044190837,Orlando,2023.0,0.0,0.0,0.0,0.0
12086011410,Other,False,False,0,0,25.373461216436933,MiamiCentral,2018.0,0.0,0.0,0.0,0.0
12086008425,Other,False,False,0,0,12.998915861599109,MiamiCentral,2018.0,0.0,0.0,0.0,0.0
12086004207,Other,False,False,0,0,3.2811779592136565,MiamiCentral,2018.0,0.0,0.0,0.0,0.0
12057013918,Hillsborough,False,True,0,1,71.30789150483027,Orlando,2023.0,0.0,0.0,0.0,0.0
12011010503,Broward,True,False,0,0,11.05924343605713,Boca Raton,2022.0,0.0,0.0,0.0,0.0
12011043001,Broward,True,False,0,0,3.7800979961979526,Fort Lauderdale,2018.0,0.0,0.0,0.0,0.0
12073001702,Leon,False,True,0,1,227.49081465754847,Orlando,2023.0,0.0,0.0,0.0,0.0
12031016604,Duval,False,True,0,1,127.34284489766365,Orlando,2023.0,0.0,0.0,0.0,0.0
12057013914,Hillsborough,False,True,0,1,80.41363592024992,Orlando,2023.0,0.0,0.0,0.0,0.0
12057013916,Hillsborough,False,True,0,1,74.69036120334626,Orlando,2023.0,0.0,0.0,0.0,0.0
12099007752,Palm Beach,True,False,0,0,11.366953059679542,West Palm Beach,2018.0,0.0,0.0,0.0,0.0
12099006501,Palm Beach,True,False,0,0,8.880967191122265,Boca Raton,2022.0,0.0,0.0,0.0,0.0
12099000301,Palm Beach,True,False,0,0,13.619653289265989,West Palm Beach,2018.0,0.0,0.0,0.0,0.0
12071040308,Lee,False,True,0,1,93.45590854611548,Boca Raton,2022.0,0.0,0.0,0.0,0.0
12095016505,Orange,True,False,0,0,12.092374638118756,Orlando,2023.0,0.0,0.0,0.0,0.0
12115002603,Sarasota,False,True,0,1,118.95238791321758,Orlando,2023.0,0.0,0.0,0.0,0.0
12071050318,Lee,False,True,0,1,103.31077014612747,Fort Lauderdale,2018.0,0.0,0.0,0.0,0.0
12071040316,Lee,False,True,0,1,96.63385974530726,Boca Raton,2022.0,0.0,0.0,0.0,0.0
12071070201,Lee,False,True,0,1,122.77925186846987,Fort Lauderdale,2018.0,0.0,0.0,0.0,0.0
12071040137,Lee,False,True,0,1,103.03011622286171,Boca Raton,2022.0,0.0,0.0,0.0,0.0
12115001404,Sarasota,False,True,0,1,101.41279081223087,Orlando,2023.0,0.0,0.0,0.0,0.0
12095018204,Orange,True,False,0,0,10.123578593382511,Orlando,2023.0,0.0,0.0,0.0,0.0
12095017112,Orange,True,False,0,0,16.557816465048884,Orlando,2023.0,0.0,0.0,0.0,0.0
12095016810,Orange,True,False,0,0,2.7936744903434727,Orlando,2023.0,0.0,0.0,0.09307574710452576,0.48972365438625104
12115002734,Sarasota,False,True,0,1,112.20018595453332,Orlando,2023.0,0.0,0.0,0.0,0.0
12115002204,Sarasota,False,True,0,1,112.29475160859589,Orlando,2023.0,0.0,0.0,0.0,0.0
12095017116,Orange,True,False,0,0,21.30270810314524,Orlando,2023.0,0.0,0.0,0.0,0.0
12071040134,Lee,False,True,0,1,107.76828027121363,Boca Raton,2022.0,0.0,0.0,0.0,0.0
12031016605,Duval,False,True,0,1,127.4755284559316,Orlando,2023.0,0.0,0.0,0.0,0.0
12031017102,Duval,False,True,0,1,132.96514410558726,Orlando,2023.0,0.0,0.0,0.0,0.0
12095014812,Orange,True,False,0,0,10.77056505459961,Orlando,2023.0,0.0,0.0,0.0,0.0
12071980000,Lee,False,True,0,1,103.45009335481444,Fort Lauderdale,2018.0,0.0,0.0,0.0,0.0
12086010707,Other,False,False,0,0,21.76850831806812,MiamiCentral,2018.0,0.0,0.0,0.0,0.0
12031015300,Duval,False,True,0,1,134.00821345218262,Orlando,2023.0,0.0,0.0,0.0,0.0
12057005800,Hillsborough,False,True,0,1,80.41514620632171,Orlando,2023.0,0.0,0.0,0.0,0.0
12086000212,Other,False,False,0,0,1.9099501625137232,Aventura,2022.0,0.0,0.0,0.6823334422575308,0.317666557742494
12095012202,Orange,True,False,0,0,14.193600335987522,Orlando,2023.0,0.0,0.0,0.0,0.0
12011092000,Broward,True,False,0,0,3.4351767607242336,Aventura,2022.0,0.0,0.0,0.0,0.0716527606434917
12057011408,Hillsborough,False,True,0,1,77.888220066075,Orlando,2023.0,0.0,0.0,0.0,0.0
12095016513,Orange,True,False,0,0,13.655351531925444,Orlando,2023.0,0.0,0.0,0.0,0.0
12086005903,Other,False,False,0,0,7.471841018832179,MiamiCentral,2018.0,0.0,0.0,0.0,0.0
12086005102,Other,False,False,0,0,1.7655043588793176,MiamiCentral,2018.0,0.0,0.009282698837215142,0.6801271319035752,0.31059016925921606
12073002414,Leon,False,True,0,1,227.41551443657923,Orlando,2023.0,0.0,0.0,0.0,0.0
12086016000,Other,False,False,0,0,14.492415209826266,MiamiCentral,2018.0,0.0,0.0,0.0,0.0
12011070326,Broward,True,False,0,0,15.096135943119428,Fort Lauderdale,2018.0,0.0,0.0,0.0,0.0
12095016510,Orange,True,False,0,0,13.606768934167299,Orlando,2023.0,0.0,0.0,0.0,0.0
12086011204,Other,False,False,0,0,26.94335703941908,MiamiCentral,2018.0,0.0,0.0,0.0,0.0
12011030705,Broward,True,False,0,0,8.837554484511138,Fort Lauderdale,2018.0,0.0,0.0,0.0,0.0
12099003400,Palm Beach,True,False,0,0,2.2834187598441082,West Palm Beach,2018.0,0.0,0.0,0.2934847536771958,0.7019209472516654
12099006401,Palm Beach,True,False,0,0,8.720615571217389,Boca Raton,2022.0,0.0,0.0,0.0,0.0
12021010602,Collier,False,True,0,1,99.79185674323736,Fort Lauderdale,2018.0,0.0,0.0,0.0,0.0
12031014002,Duval,False,True,0,1,131.60159438427027,Orlando,2023.0,0.0,0.0,0.0,0.0
12086005306,Other,False,False,0,0,1.2607388984265533,MiamiCentral,2018.0,0.0,0.0,0.9999999999999998,0.0
12086006304,Other,False,False,0,0,3.6752340856397465,MiamiCentral,2018.0,0.0,0.0,0.0,0.0
12086009326,Other,False,False,0,0,9.651690088448712,MiamiCentral,2018.0,0.0,0.0,0.0,0.0
12086007402,Other,False,False,0,0,5.196889811803033,MiamiCentral,2018.0,0.0,0.0,0.0,0.0
12086000419,Other,False,False,0,0,7.388881879109728,Aventura,2022.0,0.0,0.0,0.0,0.0
12099007914,Palm Beach,True,False,0,0,14.88728672705756,West Palm Beach,2018.0,0.0,0.0,0.0,0.0
12021011112,Collier,False,True,0,1,92.36061357560759,MiamiCentral,2018.0,0.0,0.0,0.0,0.0
12071040136,Lee,False,True,0,1,104.00908307414633,Boca Raton,2022.0,0.0,0.0,0.0,0.0
12086004303,Other,False,False,0,0,3.9797826810503003,MiamiCentral,2018.0,0.0,0.0,0.0,0.0
12086012900,Other,False,False,0,0,11.452672009954236,MiamiCentral,2018.0,0.0,0.0,0.0,0.0
12073000200,Leon,False,True,0,1,227.02269650883403,Orlando,2023.0,0.0,0.0,0.0,0.0
12095016739,Orange,True,False,0,0,10.368909943643672,Orlando,2023.0,0.0,0.0,0.0,0.0
12099005943,Palm Beach,True,False,0,0,6.79283103356612,Boca Raton,2022.0,0.0,0.0,0.0,0.0
12001001702,Alachua,False,True,0,1,108.90914840754918,Orlando,2023.0,0.0,0.0,0.0,0.0
12031000200,Duval,False,True,0,1,135.98526294455363,Orlando,2023.0,0.0,0.0,0.0,0.0
12011080200,Broward,True,False,0,0,3.8908601975556287,Fort Lauderdale,2018.0,0.0,0.0,0.0,0.017436637554680206
12086009054,Other,False,False,0,0,10.569821472758292,MiamiCentral,2018.0,0.0,0.0,0.0,0.0
12086007005,Other,False,False,0,0,3.9586749761105713,MiamiCentral,2018.0,0.0,0.0,0.0,0.0
12011060116,Broward,True,False,0,0,8.699832078846462,Fort Lauderdale,2018.0,0.0,0.0,0.0,0.0
12099005942,Palm Beach,True,False,0,0,6.250706764003929,Boca Raton,2022.0,0.0,0.0,0.0,0.0
12086009909,Other,False,False,0,0,4.805125685086223,Aventura,2022.0,0.0,0.0,0.0,0.0
12086009039,Other,False,False,0,0,11.610255258052478,MiamiCentral,2018.0,0.0,0.0,0.0,0.0
12011010402,Broward,True,False,0,0,5.132832677633166,Boca Raton,2022.0,0.0,0.0,0.0,0.0
12057010815,Hillsborough,False,True,0,1,72.57639750703912,Orlando,2023.0,0.0,0.0,0.0,0.0
12095016715,Orange,True,False,0,0,7.861917147763346,Orlando,2023.0,0.0,0.0,0.0,0.0
12099007848,Palm Beach,True,False,0,0,17.103612981897403,West Palm Beach,2018.0,0.0,0.0,0.0,0.0
12071040113,Lee,False,True,0,1,107.42883767398736,Fort Lauderdale,2018.0,0.0,0.0,0.0,0.0
12115001905,Sarasota,False,True,0,1,109.42559554659015,Orlando,2023.0,0.0,0.0,0.0,0.0
12011030903,Broward,True,False,0,0,6.5390254628852,Fort Lauderdale,2018.0,0.0,0.0,0.0,0.0
12099006009,Palm Beach,True,False,0,0,11.492854312955426,Boca Raton,2022.0,0.0,0.0,0.0,0.0
12099002200,Palm Beach,True,False,0,0,1.3143645125426204,West Palm Beach,2018.0,0.0,0.10552910804593771,0.8944708919540589,0.0
12099005501,Palm Beach,True,False,0,0,8.61469892901737,West Palm Beach,2018.0,0.0,0.0,0.0,0.0
12086000310,Other,False,False,0,0,4.362990691982219,Aventura,2022.0,0.0,0.0,0.0,0.0
12011110352,Broward,True,False,0,0,10.195335702419687,Aventura,2022.0,0.0,0.0,0.0,0.0
12115000200,Sarasota,False,True,0,1,104.98868807448011,Orlando,2023.0,0.0,0.0,0.0,0.0
12086009010,Other,False,False,0,0,9.95299272411192,MiamiCentral,2018.0,0.0,0.0,0.0,0.0
12086010016,Other,False,False,0,0,8.60955344027616,Aventura,2022.0,0.0,0.0,0.0,0.0
12099000703,Palm Beach,True,False,0,0,7.933767672837288,West Palm Beach,2018.0,0.0,0.0,0.0,0.0
12086005002,Other,False,False,0,0,3.2684902228346195,MiamiCentral,2018.0,0.0,0.0,0.0,0.23951921829012324
12086009905,Other,False,False,0,0,4.542320226072822,Aventura,2022.0,0.0,0.0,0.0,0.0
12086007806,Other,False,False,0,0,9.469433792639421,MiamiCentral,2018.0,0.0,0.0,0.0,0.0
12086008909,Other,False,False,0,0,9.428973373226627,MiamiCentral,2018.0,0.0,0.0,0.0,0.0
12086009059,Other,False,False,0,0,11.471432868517054,MiamiCentral,2018.0,0.0,0.0,0.0,0.0
12001002210,Alachua,False,True,0,1,114.133966450162,Orlando,2023.0,0.0,0.0,0.0,0.0
12071010504,Lee,False,True,0,1,116.51993515402131,Fort Lauderdale,2018.0,0.0,0.0,0.0,0.0
12011050602,Broward,True,False,0,0,3.3012609123973498,Fort Lauderdale,2018.0,0.0,0.0,0.0,0.10951221189531815
12099002300,Palm Beach,True,False,0,0,1.0620757302852515,West Palm Beach,2018.0,0.07005883167122379,0.35533102115591225,0.5746101471728776,0.0
12099004011,Palm Beach,True,False,0,0,6.854755124482602,West Palm Beach,2018.0,0.0,0.0,0.0,0.0
12099005300,Palm Beach,True,False,0,0,6.360370164771942,West Palm Beach,2018.0,0.0,0.0,0.0,0.0
12099005813,Palm Beach,True,False,0,0,11.365046400985802,West Palm Beach,2018.0,0.0,0.0,0.0,0.0
12099000407,Palm Beach,True,False,0,0,15.759946635905226,West Palm Beach,2018.0,0.0,0.0,0.0,0.0
12086003915,Other,False,False,0,0,6.393835052470857,MiamiCentral,2018.0,0.0,0.0,0.0,0.0
12086001103,Other,False,False,0,0,5.807120476707486,MiamiCentral,2018.0,0.0,0.0,0.0,0.0
12011100203,Broward,True,False,0,0,2.477570554477914,Aventura,2022.0,0.0,0.0,0.0,1.0
12086003918,Other,False,False,0,0,5.5210986105205695,MiamiCentral,2018.0,0.0,0.0,0.0,0.0
12011030803,Broward,True,False,0,0,6.523128501030508,Fort Lauderdale,2018.0,0.0,0.0,0.0,0.0
12086009907,Other,False,False,0,0,4.315915551954805,Aventura,2022.0,0.0,0.0,0.0,0.0
12086007805,Other,False,False,0,0,10.816059126994379,MiamiCentral,2018.0,0.0,0.0,0.0,0.0
12086017300,Other,False,False,0,0,14.734193099253705,MiamiCentral,2018.0,0.0,0.0,0.0,0.0
12086006203,Other,False,False,0,0,4.667555755405654,MiamiCentral,2018.0,0.0,0.0,0.0,0.0
12099005926,Palm Beach,True,False,0,0,10.924740240244555,Boca Raton,2022.0,0.0,0.0,0.0,0.0
12099000202,Palm Beach,True,False,0,0,16.102792208921205,West Palm Beach,2018.0,0.0,0.0,0.0,0.0
12099002600,Palm Beach,True,False,1,0,0.31984177352567666,West Palm Beach,2018.0,0.7144938875164489,0.2855061124835573,0.0,0.0
12099004903,Palm Beach,True,False,0,0,7.725409435498305,West Palm Beach,2018.0,0.0,0.0,0.0,0.0
12115002725,Sarasota,False,True,0,1,97.62659447083094,Orlando,2023.0,0.0,0.0,0.0,0.0
12095014606,Orange,True,False,0,0,10.18352526222692,Orlando,2023.0,0.0,0.0,0.0,0.0
12115002740,Sarasota,False,True,0,1,106.42253099661617,Orlando,2023.0,0.0,0.0,0.0,0.0
12095016604,Orange,True,False,0,0,20.73130038869813,Orlando,2023.0,0.0,0.0,0.0,0.0
12115001602,Sarasota,False,True,0,1,105.63859351294604,Orlando,2023.0,0.0,0.0,0.0,0.0
12115002504,Sarasota,False,True,0,1,114.37251283040658,Orlando,2023.0,0.0,0.0,0.0,0.0
12099003801,Palm Beach,True,False,0,0,3.320299059331476,West Palm Beach,2018.0,0.0,0.0,0.0,0.15703102839943064
